year,month,date_numeric,co2_standard,station
1958,1,1958.0411,-99.99,"Mauna Loa, Hawaii, USA"
1958,2,1958.126,-99.99,"Mauna Loa, Hawaii, USA"
1958,3,1958.2027,315.7,"Mauna Loa, Hawaii, USA"
1958,4,1958.2877,317.45,"Mauna Loa, Hawaii, USA"
1958,5,1958.3699,317.51,"Mauna Loa, Hawaii, USA"
1958,6,1958.4548,-99.99,"Mauna Loa, Hawaii, USA"
1958,7,1958.537,315.86,"Mauna Loa, Hawaii, USA"
1958,8,1958.6219,314.93,"Mauna Loa, Hawaii, USA"
1958,9,1958.7068,313.2,"Mauna Loa, Hawaii, USA"
1958,10,1958.789,-99.99,"Mauna Loa, Hawaii, USA"
1958,11,1958.874,313.33,"Mauna Loa, Hawaii, USA"
1958,12,1958.9562,314.67,"Mauna Loa, Hawaii, USA"
1959,1,1959.0411,315.58,"Mauna Loa, Hawaii, USA"
1959,2,1959.126,316.48,"Mauna Loa, Hawaii, USA"
1959,3,1959.2027,316.65,"Mauna Loa, Hawaii, USA"
1959,4,1959.2877,317.72,"Mauna Loa, Hawaii, USA"
1959,5,1959.3699,318.29,"Mauna Loa, Hawaii, USA"
1959,6,1959.4548,318.15,"Mauna Loa, Hawaii, USA"
1959,7,1959.537,316.54,"Mauna Loa, Hawaii, USA"
1959,8,1959.6219,314.8,"Mauna Loa, Hawaii, USA"
1959,9,1959.7068,313.84,"Mauna Loa, Hawaii, USA"
1959,10,1959.789,313.33,"Mauna Loa, Hawaii, USA"
1959,11,1959.874,314.81,"Mauna Loa, Hawaii, USA"
1959,12,1959.9562,315.58,"Mauna Loa, Hawaii, USA"
1960,1,1960.041,316.43,"Mauna Loa, Hawaii, USA"
1960,2,1960.1257,316.98,"Mauna Loa, Hawaii, USA"
1960,3,1960.2049,317.58,"Mauna Loa, Hawaii, USA"
1960,4,1960.2896,319.03,"Mauna Loa, Hawaii, USA"
1960,5,1960.3716,320.04,"Mauna Loa, Hawaii, USA"
1960,6,1960.4563,319.59,"Mauna Loa, Hawaii, USA"
1960,7,1960.5383,318.18,"Mauna Loa, Hawaii, USA"
1960,8,1960.623,315.9,"Mauna Loa, Hawaii, USA"
1960,9,1960.7077,314.17,"Mauna Loa, Hawaii, USA"
1960,10,1960.7896,313.83,"Mauna Loa, Hawaii, USA"
1960,11,1960.8743,315,"Mauna Loa, Hawaii, USA"
1960,12,1960.9563,316.19,"Mauna Loa, Hawaii, USA"
1961,1,1961.0411,316.89,"Mauna Loa, Hawaii, USA"
1961,2,1961.126,317.7,"Mauna Loa, Hawaii, USA"
1961,3,1961.2027,318.54,"Mauna Loa, Hawaii, USA"
1961,4,1961.2877,319.48,"Mauna Loa, Hawaii, USA"
1961,5,1961.3699,320.58,"Mauna Loa, Hawaii, USA"
1961,6,1961.4548,319.77,"Mauna Loa, Hawaii, USA"
1961,7,1961.537,318.57,"Mauna Loa, Hawaii, USA"
1961,8,1961.6219,316.79,"Mauna Loa, Hawaii, USA"
1961,9,1961.7068,314.99,"Mauna Loa, Hawaii, USA"
1961,10,1961.789,315.31,"Mauna Loa, Hawaii, USA"
1961,11,1961.874,316.1,"Mauna Loa, Hawaii, USA"
1961,12,1961.9562,317.01,"Mauna Loa, Hawaii, USA"
1962,1,1962.0411,317.94,"Mauna Loa, Hawaii, USA"
1962,2,1962.126,318.55,"Mauna Loa, Hawaii, USA"
1962,3,1962.2027,319.68,"Mauna Loa, Hawaii, USA"
1962,4,1962.2877,320.57,"Mauna Loa, Hawaii, USA"
1962,5,1962.3699,321.02,"Mauna Loa, Hawaii, USA"
1962,6,1962.4548,320.62,"Mauna Loa, Hawaii, USA"
1962,7,1962.537,319.61,"Mauna Loa, Hawaii, USA"
1962,8,1962.6219,317.4,"Mauna Loa, Hawaii, USA"
1962,9,1962.7068,316.25,"Mauna Loa, Hawaii, USA"
1962,10,1962.789,315.42,"Mauna Loa, Hawaii, USA"
1962,11,1962.874,316.69,"Mauna Loa, Hawaii, USA"
1962,12,1962.9562,317.7,"Mauna Loa, Hawaii, USA"
1963,1,1963.0411,318.74,"Mauna Loa, Hawaii, USA"
1963,2,1963.126,319.07,"Mauna Loa, Hawaii, USA"
1963,3,1963.2027,319.86,"Mauna Loa, Hawaii, USA"
1963,4,1963.2877,321.38,"Mauna Loa, Hawaii, USA"
1963,5,1963.3699,322.25,"Mauna Loa, Hawaii, USA"
1963,6,1963.4548,321.48,"Mauna Loa, Hawaii, USA"
1963,7,1963.537,319.74,"Mauna Loa, Hawaii, USA"
1963,8,1963.6219,317.77,"Mauna Loa, Hawaii, USA"
1963,9,1963.7068,316.21,"Mauna Loa, Hawaii, USA"
1963,10,1963.789,315.99,"Mauna Loa, Hawaii, USA"
1963,11,1963.874,317.07,"Mauna Loa, Hawaii, USA"
1963,12,1963.9562,318.35,"Mauna Loa, Hawaii, USA"
1964,1,1964.041,319.57,"Mauna Loa, Hawaii, USA"
1964,2,1964.1257,-99.99,"Mauna Loa, Hawaii, USA"
1964,3,1964.2049,-99.99,"Mauna Loa, Hawaii, USA"
1964,4,1964.2896,-99.99,"Mauna Loa, Hawaii, USA"
1964,5,1964.3716,322.26,"Mauna Loa, Hawaii, USA"
1964,6,1964.4563,321.89,"Mauna Loa, Hawaii, USA"
1964,7,1964.5383,320.44,"Mauna Loa, Hawaii, USA"
1964,8,1964.623,318.69,"Mauna Loa, Hawaii, USA"
1964,9,1964.7077,316.7,"Mauna Loa, Hawaii, USA"
1964,10,1964.7896,316.87,"Mauna Loa, Hawaii, USA"
1964,11,1964.8743,317.68,"Mauna Loa, Hawaii, USA"
1964,12,1964.9563,318.71,"Mauna Loa, Hawaii, USA"
1965,1,1965.0411,319.44,"Mauna Loa, Hawaii, USA"
1965,2,1965.126,320.44,"Mauna Loa, Hawaii, USA"
1965,3,1965.2027,320.89,"Mauna Loa, Hawaii, USA"
1965,4,1965.2877,322.14,"Mauna Loa, Hawaii, USA"
1965,5,1965.3699,322.17,"Mauna Loa, Hawaii, USA"
1965,6,1965.4548,321.87,"Mauna Loa, Hawaii, USA"
1965,7,1965.537,321.21,"Mauna Loa, Hawaii, USA"
1965,8,1965.6219,318.87,"Mauna Loa, Hawaii, USA"
1965,9,1965.7068,317.81,"Mauna Loa, Hawaii, USA"
1965,10,1965.789,317.3,"Mauna Loa, Hawaii, USA"
1965,11,1965.874,318.87,"Mauna Loa, Hawaii, USA"
1965,12,1965.9562,319.42,"Mauna Loa, Hawaii, USA"
1966,1,1966.0411,320.62,"Mauna Loa, Hawaii, USA"
1966,2,1966.126,321.6,"Mauna Loa, Hawaii, USA"
1966,3,1966.2027,322.39,"Mauna Loa, Hawaii, USA"
1966,4,1966.2877,323.7,"Mauna Loa, Hawaii, USA"
1966,5,1966.3699,324.08,"Mauna Loa, Hawaii, USA"
1966,6,1966.4548,323.75,"Mauna Loa, Hawaii, USA"
1966,7,1966.537,322.38,"Mauna Loa, Hawaii, USA"
1966,8,1966.6219,320.36,"Mauna Loa, Hawaii, USA"
1966,9,1966.7068,318.64,"Mauna Loa, Hawaii, USA"
1966,10,1966.789,318.1,"Mauna Loa, Hawaii, USA"
1966,11,1966.874,319.78,"Mauna Loa, Hawaii, USA"
1966,12,1966.9562,321.03,"Mauna Loa, Hawaii, USA"
1967,1,1967.0411,322.33,"Mauna Loa, Hawaii, USA"
1967,2,1967.126,322.5,"Mauna Loa, Hawaii, USA"
1967,3,1967.2027,323.04,"Mauna Loa, Hawaii, USA"
1967,4,1967.2877,324.42,"Mauna Loa, Hawaii, USA"
1967,5,1967.3699,325,"Mauna Loa, Hawaii, USA"
1967,6,1967.4548,324.09,"Mauna Loa, Hawaii, USA"
1967,7,1967.537,322.54,"Mauna Loa, Hawaii, USA"
1967,8,1967.6219,320.92,"Mauna Loa, Hawaii, USA"
1967,9,1967.7068,319.25,"Mauna Loa, Hawaii, USA"
1967,10,1967.789,319.39,"Mauna Loa, Hawaii, USA"
1967,11,1967.874,320.73,"Mauna Loa, Hawaii, USA"
1967,12,1967.9562,321.96,"Mauna Loa, Hawaii, USA"
1968,1,1968.041,322.57,"Mauna Loa, Hawaii, USA"
1968,2,1968.1257,323.15,"Mauna Loa, Hawaii, USA"
1968,3,1968.2049,323.89,"Mauna Loa, Hawaii, USA"
1968,4,1968.2896,325.02,"Mauna Loa, Hawaii, USA"
1968,5,1968.3716,325.57,"Mauna Loa, Hawaii, USA"
1968,6,1968.4563,325.36,"Mauna Loa, Hawaii, USA"
1968,7,1968.5383,324.14,"Mauna Loa, Hawaii, USA"
1968,8,1968.623,322.11,"Mauna Loa, Hawaii, USA"
1968,9,1968.7077,320.33,"Mauna Loa, Hawaii, USA"
1968,10,1968.7896,320.25,"Mauna Loa, Hawaii, USA"
1968,11,1968.8743,321.32,"Mauna Loa, Hawaii, USA"
1968,12,1968.9563,322.89,"Mauna Loa, Hawaii, USA"
1969,1,1969.0411,324,"Mauna Loa, Hawaii, USA"
1969,2,1969.126,324.42,"Mauna Loa, Hawaii, USA"
1969,3,1969.2027,325.63,"Mauna Loa, Hawaii, USA"
1969,4,1969.2877,326.66,"Mauna Loa, Hawaii, USA"
1969,5,1969.3699,327.38,"Mauna Loa, Hawaii, USA"
1969,6,1969.4548,326.71,"Mauna Loa, Hawaii, USA"
1969,7,1969.537,325.88,"Mauna Loa, Hawaii, USA"
1969,8,1969.6219,323.66,"Mauna Loa, Hawaii, USA"
1969,9,1969.7068,322.38,"Mauna Loa, Hawaii, USA"
1969,10,1969.789,321.78,"Mauna Loa, Hawaii, USA"
1969,11,1969.874,322.86,"Mauna Loa, Hawaii, USA"
1969,12,1969.9562,324.12,"Mauna Loa, Hawaii, USA"
1970,1,1970.0411,325.06,"Mauna Loa, Hawaii, USA"
1970,2,1970.126,325.98,"Mauna Loa, Hawaii, USA"
1970,3,1970.2027,326.93,"Mauna Loa, Hawaii, USA"
1970,4,1970.2877,328.13,"Mauna Loa, Hawaii, USA"
1970,5,1970.3699,328.08,"Mauna Loa, Hawaii, USA"
1970,6,1970.4548,327.67,"Mauna Loa, Hawaii, USA"
1970,7,1970.537,326.34,"Mauna Loa, Hawaii, USA"
1970,8,1970.6219,324.69,"Mauna Loa, Hawaii, USA"
1970,9,1970.7068,323.1,"Mauna Loa, Hawaii, USA"
1970,10,1970.789,323.06,"Mauna Loa, Hawaii, USA"
1970,11,1970.874,324.01,"Mauna Loa, Hawaii, USA"
1970,12,1970.9562,325.13,"Mauna Loa, Hawaii, USA"
1971,1,1971.0411,326.17,"Mauna Loa, Hawaii, USA"
1971,2,1971.126,326.68,"Mauna Loa, Hawaii, USA"
1971,3,1971.2027,327.17,"Mauna Loa, Hawaii, USA"
1971,4,1971.2877,327.79,"Mauna Loa, Hawaii, USA"
1971,5,1971.3699,328.93,"Mauna Loa, Hawaii, USA"
1971,6,1971.4548,328.57,"Mauna Loa, Hawaii, USA"
1971,7,1971.537,327.36,"Mauna Loa, Hawaii, USA"
1971,8,1971.6219,325.43,"Mauna Loa, Hawaii, USA"
1971,9,1971.7068,323.36,"Mauna Loa, Hawaii, USA"
1971,10,1971.789,323.56,"Mauna Loa, Hawaii, USA"
1971,11,1971.874,324.8,"Mauna Loa, Hawaii, USA"
1971,12,1971.9562,326.01,"Mauna Loa, Hawaii, USA"
1972,1,1972.041,326.77,"Mauna Loa, Hawaii, USA"
1972,2,1972.1257,327.63,"Mauna Loa, Hawaii, USA"
1972,3,1972.2049,327.75,"Mauna Loa, Hawaii, USA"
1972,4,1972.2896,329.72,"Mauna Loa, Hawaii, USA"
1972,5,1972.3716,330.07,"Mauna Loa, Hawaii, USA"
1972,6,1972.4563,329.09,"Mauna Loa, Hawaii, USA"
1972,7,1972.5383,328.04,"Mauna Loa, Hawaii, USA"
1972,8,1972.623,326.32,"Mauna Loa, Hawaii, USA"
1972,9,1972.7077,324.84,"Mauna Loa, Hawaii, USA"
1972,10,1972.7896,325.2,"Mauna Loa, Hawaii, USA"
1972,11,1972.8743,326.5,"Mauna Loa, Hawaii, USA"
1972,12,1972.9563,327.55,"Mauna Loa, Hawaii, USA"
1973,1,1973.0411,328.55,"Mauna Loa, Hawaii, USA"
1973,2,1973.126,329.56,"Mauna Loa, Hawaii, USA"
1973,3,1973.2027,330.3,"Mauna Loa, Hawaii, USA"
1973,4,1973.2877,331.5,"Mauna Loa, Hawaii, USA"
1973,5,1973.3699,332.48,"Mauna Loa, Hawaii, USA"
1973,6,1973.4548,332.07,"Mauna Loa, Hawaii, USA"
1973,7,1973.537,330.87,"Mauna Loa, Hawaii, USA"
1973,8,1973.6219,329.31,"Mauna Loa, Hawaii, USA"
1973,9,1973.7068,327.51,"Mauna Loa, Hawaii, USA"
1973,10,1973.789,327.18,"Mauna Loa, Hawaii, USA"
1973,11,1973.874,328.16,"Mauna Loa, Hawaii, USA"
1973,12,1973.9562,328.64,"Mauna Loa, Hawaii, USA"
1974,1,1974.0411,329.35,"Mauna Loa, Hawaii, USA"
1974,2,1974.126,330.71,"Mauna Loa, Hawaii, USA"
1974,3,1974.2027,331.48,"Mauna Loa, Hawaii, USA"
1974,4,1974.2877,332.65,"Mauna Loa, Hawaii, USA"
1974,5,1974.3699,333.09,"Mauna Loa, Hawaii, USA"
1974,6,1974.4548,332.25,"Mauna Loa, Hawaii, USA"
1974,7,1974.537,331.18,"Mauna Loa, Hawaii, USA"
1974,8,1974.6219,329.39,"Mauna Loa, Hawaii, USA"
1974,9,1974.7068,327.43,"Mauna Loa, Hawaii, USA"
1974,10,1974.789,327.37,"Mauna Loa, Hawaii, USA"
1974,11,1974.874,328.46,"Mauna Loa, Hawaii, USA"
1974,12,1974.9562,329.57,"Mauna Loa, Hawaii, USA"
1975,1,1975.0411,330.4,"Mauna Loa, Hawaii, USA"
1975,2,1975.126,331.4,"Mauna Loa, Hawaii, USA"
1975,3,1975.2027,332.04,"Mauna Loa, Hawaii, USA"
1975,4,1975.2877,333.31,"Mauna Loa, Hawaii, USA"
1975,5,1975.3699,333.97,"Mauna Loa, Hawaii, USA"
1975,6,1975.4548,333.6,"Mauna Loa, Hawaii, USA"
1975,7,1975.537,331.9,"Mauna Loa, Hawaii, USA"
1975,8,1975.6219,330.06,"Mauna Loa, Hawaii, USA"
1975,9,1975.7068,328.56,"Mauna Loa, Hawaii, USA"
1975,10,1975.789,328.34,"Mauna Loa, Hawaii, USA"
1975,11,1975.874,329.49,"Mauna Loa, Hawaii, USA"
1975,12,1975.9562,330.76,"Mauna Loa, Hawaii, USA"
1976,1,1976.041,331.75,"Mauna Loa, Hawaii, USA"
1976,2,1976.1257,332.56,"Mauna Loa, Hawaii, USA"
1976,3,1976.2049,333.5,"Mauna Loa, Hawaii, USA"
1976,4,1976.2896,334.58,"Mauna Loa, Hawaii, USA"
1976,5,1976.3716,334.88,"Mauna Loa, Hawaii, USA"
1976,6,1976.4563,334.33,"Mauna Loa, Hawaii, USA"
1976,7,1976.5383,333.05,"Mauna Loa, Hawaii, USA"
1976,8,1976.623,330.94,"Mauna Loa, Hawaii, USA"
1976,9,1976.7077,329.3,"Mauna Loa, Hawaii, USA"
1976,10,1976.7896,328.94,"Mauna Loa, Hawaii, USA"
1976,11,1976.8743,330.31,"Mauna Loa, Hawaii, USA"
1976,12,1976.9563,331.68,"Mauna Loa, Hawaii, USA"
1977,1,1977.0411,332.93,"Mauna Loa, Hawaii, USA"
1977,2,1977.126,333.42,"Mauna Loa, Hawaii, USA"
1977,3,1977.2027,334.7,"Mauna Loa, Hawaii, USA"
1977,4,1977.2877,336.07,"Mauna Loa, Hawaii, USA"
1977,5,1977.3699,336.75,"Mauna Loa, Hawaii, USA"
1977,6,1977.4548,336.27,"Mauna Loa, Hawaii, USA"
1977,7,1977.537,334.92,"Mauna Loa, Hawaii, USA"
1977,8,1977.6219,332.75,"Mauna Loa, Hawaii, USA"
1977,9,1977.7068,331.59,"Mauna Loa, Hawaii, USA"
1977,10,1977.789,331.16,"Mauna Loa, Hawaii, USA"
1977,11,1977.874,332.4,"Mauna Loa, Hawaii, USA"
1977,12,1977.9562,333.85,"Mauna Loa, Hawaii, USA"
1978,1,1978.0411,334.97,"Mauna Loa, Hawaii, USA"
1978,2,1978.126,335.38,"Mauna Loa, Hawaii, USA"
1978,3,1978.2027,336.64,"Mauna Loa, Hawaii, USA"
1978,4,1978.2877,337.76,"Mauna Loa, Hawaii, USA"
1978,5,1978.3699,338.01,"Mauna Loa, Hawaii, USA"
1978,6,1978.4548,337.89,"Mauna Loa, Hawaii, USA"
1978,7,1978.537,336.54,"Mauna Loa, Hawaii, USA"
1978,8,1978.6219,334.68,"Mauna Loa, Hawaii, USA"
1978,9,1978.7068,332.76,"Mauna Loa, Hawaii, USA"
1978,10,1978.789,332.54,"Mauna Loa, Hawaii, USA"
1978,11,1978.874,333.92,"Mauna Loa, Hawaii, USA"
1978,12,1978.9562,334.95,"Mauna Loa, Hawaii, USA"
1979,1,1979.0411,336.23,"Mauna Loa, Hawaii, USA"
1979,2,1979.126,336.76,"Mauna Loa, Hawaii, USA"
1979,3,1979.2027,337.96,"Mauna Loa, Hawaii, USA"
1979,4,1979.2877,338.88,"Mauna Loa, Hawaii, USA"
1979,5,1979.3699,339.47,"Mauna Loa, Hawaii, USA"
1979,6,1979.4548,339.29,"Mauna Loa, Hawaii, USA"
1979,7,1979.537,337.73,"Mauna Loa, Hawaii, USA"
1979,8,1979.6219,336.09,"Mauna Loa, Hawaii, USA"
1979,9,1979.7068,333.91,"Mauna Loa, Hawaii, USA"
1979,10,1979.789,333.86,"Mauna Loa, Hawaii, USA"
1979,11,1979.874,335.29,"Mauna Loa, Hawaii, USA"
1979,12,1979.9562,336.73,"Mauna Loa, Hawaii, USA"
1980,1,1980.041,338.01,"Mauna Loa, Hawaii, USA"
1980,2,1980.1257,338.36,"Mauna Loa, Hawaii, USA"
1980,3,1980.2049,340.07,"Mauna Loa, Hawaii, USA"
1980,4,1980.2896,340.76,"Mauna Loa, Hawaii, USA"
1980,5,1980.3716,341.47,"Mauna Loa, Hawaii, USA"
1980,6,1980.4563,341.17,"Mauna Loa, Hawaii, USA"
1980,7,1980.5383,339.56,"Mauna Loa, Hawaii, USA"
1980,8,1980.623,337.6,"Mauna Loa, Hawaii, USA"
1980,9,1980.7077,335.88,"Mauna Loa, Hawaii, USA"
1980,10,1980.7896,336.02,"Mauna Loa, Hawaii, USA"
1980,11,1980.8743,337.1,"Mauna Loa, Hawaii, USA"
1980,12,1980.9563,338.21,"Mauna Loa, Hawaii, USA"
1981,1,1981.0411,339.24,"Mauna Loa, Hawaii, USA"
1981,2,1981.126,340.48,"Mauna Loa, Hawaii, USA"
1981,3,1981.2027,341.38,"Mauna Loa, Hawaii, USA"
1981,4,1981.2877,342.5,"Mauna Loa, Hawaii, USA"
1981,5,1981.3699,342.91,"Mauna Loa, Hawaii, USA"
1981,6,1981.4548,342.25,"Mauna Loa, Hawaii, USA"
1981,7,1981.537,340.49,"Mauna Loa, Hawaii, USA"
1981,8,1981.6219,338.43,"Mauna Loa, Hawaii, USA"
1981,9,1981.7068,336.69,"Mauna Loa, Hawaii, USA"
1981,10,1981.789,336.86,"Mauna Loa, Hawaii, USA"
1981,11,1981.874,338.36,"Mauna Loa, Hawaii, USA"
1981,12,1981.9562,339.61,"Mauna Loa, Hawaii, USA"
1982,1,1982.0411,340.75,"Mauna Loa, Hawaii, USA"
1982,2,1982.126,341.61,"Mauna Loa, Hawaii, USA"
1982,3,1982.2027,342.7,"Mauna Loa, Hawaii, USA"
1982,4,1982.2877,343.57,"Mauna Loa, Hawaii, USA"
1982,5,1982.3699,344.14,"Mauna Loa, Hawaii, USA"
1982,6,1982.4548,343.35,"Mauna Loa, Hawaii, USA"
1982,7,1982.537,342.06,"Mauna Loa, Hawaii, USA"
1982,8,1982.6219,339.81,"Mauna Loa, Hawaii, USA"
1982,9,1982.7068,337.98,"Mauna Loa, Hawaii, USA"
1982,10,1982.789,337.86,"Mauna Loa, Hawaii, USA"
1982,11,1982.874,339.26,"Mauna Loa, Hawaii, USA"
1982,12,1982.9562,340.49,"Mauna Loa, Hawaii, USA"
1983,1,1983.0411,341.38,"Mauna Loa, Hawaii, USA"
1983,2,1983.126,342.52,"Mauna Loa, Hawaii, USA"
1983,3,1983.2027,343.1,"Mauna Loa, Hawaii, USA"
1983,4,1983.2877,344.94,"Mauna Loa, Hawaii, USA"
1983,5,1983.3699,345.76,"Mauna Loa, Hawaii, USA"
1983,6,1983.4548,345.32,"Mauna Loa, Hawaii, USA"
1983,7,1983.537,343.98,"Mauna Loa, Hawaii, USA"
1983,8,1983.6219,342.38,"Mauna Loa, Hawaii, USA"
1983,9,1983.7068,339.86,"Mauna Loa, Hawaii, USA"
1983,10,1983.789,339.99,"Mauna Loa, Hawaii, USA"
1983,11,1983.874,341.15,"Mauna Loa, Hawaii, USA"
1983,12,1983.9562,342.99,"Mauna Loa, Hawaii, USA"
1984,1,1984.041,343.7,"Mauna Loa, Hawaii, USA"
1984,2,1984.1257,344.5,"Mauna Loa, Hawaii, USA"
1984,3,1984.2049,345.28,"Mauna Loa, Hawaii, USA"
1984,4,1984.2896,347.06,"Mauna Loa, Hawaii, USA"
1984,5,1984.3716,347.43,"Mauna Loa, Hawaii, USA"
1984,6,1984.4563,346.8,"Mauna Loa, Hawaii, USA"
1984,7,1984.5383,345.39,"Mauna Loa, Hawaii, USA"
1984,8,1984.623,343.28,"Mauna Loa, Hawaii, USA"
1984,9,1984.7077,341.07,"Mauna Loa, Hawaii, USA"
1984,10,1984.7896,341.35,"Mauna Loa, Hawaii, USA"
1984,11,1984.8743,342.98,"Mauna Loa, Hawaii, USA"
1984,12,1984.9563,344.22,"Mauna Loa, Hawaii, USA"
1985,1,1985.0411,344.97,"Mauna Loa, Hawaii, USA"
1985,2,1985.126,345.99,"Mauna Loa, Hawaii, USA"
1985,3,1985.2027,347.42,"Mauna Loa, Hawaii, USA"
1985,4,1985.2877,348.35,"Mauna Loa, Hawaii, USA"
1985,5,1985.3699,348.93,"Mauna Loa, Hawaii, USA"
1985,6,1985.4548,348.25,"Mauna Loa, Hawaii, USA"
1985,7,1985.537,346.56,"Mauna Loa, Hawaii, USA"
1985,8,1985.6219,344.67,"Mauna Loa, Hawaii, USA"
1985,9,1985.7068,343.09,"Mauna Loa, Hawaii, USA"
1985,10,1985.789,342.8,"Mauna Loa, Hawaii, USA"
1985,11,1985.874,344.24,"Mauna Loa, Hawaii, USA"
1985,12,1985.9562,345.56,"Mauna Loa, Hawaii, USA"
1986,1,1986.0411,346.3,"Mauna Loa, Hawaii, USA"
1986,2,1986.126,346.95,"Mauna Loa, Hawaii, USA"
1986,3,1986.2027,347.85,"Mauna Loa, Hawaii, USA"
1986,4,1986.2877,349.55,"Mauna Loa, Hawaii, USA"
1986,5,1986.3699,350.21,"Mauna Loa, Hawaii, USA"
1986,6,1986.4548,349.55,"Mauna Loa, Hawaii, USA"
1986,7,1986.537,347.94,"Mauna Loa, Hawaii, USA"
1986,8,1986.6219,345.9,"Mauna Loa, Hawaii, USA"
1986,9,1986.7068,344.85,"Mauna Loa, Hawaii, USA"
1986,10,1986.789,344.17,"Mauna Loa, Hawaii, USA"
1986,11,1986.874,345.66,"Mauna Loa, Hawaii, USA"
1986,12,1986.9562,346.9,"Mauna Loa, Hawaii, USA"
1987,1,1987.0411,348.02,"Mauna Loa, Hawaii, USA"
1987,2,1987.126,348.48,"Mauna Loa, Hawaii, USA"
1987,3,1987.2027,349.42,"Mauna Loa, Hawaii, USA"
1987,4,1987.2877,350.98,"Mauna Loa, Hawaii, USA"
1987,5,1987.3699,351.85,"Mauna Loa, Hawaii, USA"
1987,6,1987.4548,351.26,"Mauna Loa, Hawaii, USA"
1987,7,1987.537,349.51,"Mauna Loa, Hawaii, USA"
1987,8,1987.6219,348.1,"Mauna Loa, Hawaii, USA"
1987,9,1987.7068,346.44,"Mauna Loa, Hawaii, USA"
1987,10,1987.789,346.36,"Mauna Loa, Hawaii, USA"
1987,11,1987.874,347.81,"Mauna Loa, Hawaii, USA"
1987,12,1987.9562,348.96,"Mauna Loa, Hawaii, USA"
1988,1,1988.041,350.43,"Mauna Loa, Hawaii, USA"
1988,2,1988.1257,351.73,"Mauna Loa, Hawaii, USA"
1988,3,1988.2049,352.22,"Mauna Loa, Hawaii, USA"
1988,4,1988.2896,353.59,"Mauna Loa, Hawaii, USA"
1988,5,1988.3716,354.22,"Mauna Loa, Hawaii, USA"
1988,6,1988.4563,353.79,"Mauna Loa, Hawaii, USA"
1988,7,1988.5383,352.38,"Mauna Loa, Hawaii, USA"
1988,8,1988.623,350.43,"Mauna Loa, Hawaii, USA"
1988,9,1988.7077,348.73,"Mauna Loa, Hawaii, USA"
1988,10,1988.7896,348.88,"Mauna Loa, Hawaii, USA"
1988,11,1988.8743,350.07,"Mauna Loa, Hawaii, USA"
1988,12,1988.9563,351.34,"Mauna Loa, Hawaii, USA"
1989,1,1989.0411,352.76,"Mauna Loa, Hawaii, USA"
1989,2,1989.126,353.07,"Mauna Loa, Hawaii, USA"
1989,3,1989.2027,353.68,"Mauna Loa, Hawaii, USA"
1989,4,1989.2877,355.42,"Mauna Loa, Hawaii, USA"
1989,5,1989.3699,355.67,"Mauna Loa, Hawaii, USA"
1989,6,1989.4548,355.12,"Mauna Loa, Hawaii, USA"
1989,7,1989.537,353.9,"Mauna Loa, Hawaii, USA"
1989,8,1989.6219,351.67,"Mauna Loa, Hawaii, USA"
1989,9,1989.7068,349.8,"Mauna Loa, Hawaii, USA"
1989,10,1989.789,349.99,"Mauna Loa, Hawaii, USA"
1989,11,1989.874,351.3,"Mauna Loa, Hawaii, USA"
1989,12,1989.9562,352.52,"Mauna Loa, Hawaii, USA"
1990,1,1990.0411,353.66,"Mauna Loa, Hawaii, USA"
1990,2,1990.126,354.7,"Mauna Loa, Hawaii, USA"
1990,3,1990.2027,355.38,"Mauna Loa, Hawaii, USA"
1990,4,1990.2877,356.2,"Mauna Loa, Hawaii, USA"
1990,5,1990.3699,357.16,"Mauna Loa, Hawaii, USA"
1990,6,1990.4548,356.23,"Mauna Loa, Hawaii, USA"
1990,7,1990.537,354.81,"Mauna Loa, Hawaii, USA"
1990,8,1990.6219,352.91,"Mauna Loa, Hawaii, USA"
1990,9,1990.7068,350.96,"Mauna Loa, Hawaii, USA"
1990,10,1990.789,351.18,"Mauna Loa, Hawaii, USA"
1990,11,1990.874,352.83,"Mauna Loa, Hawaii, USA"
1990,12,1990.9562,354.21,"Mauna Loa, Hawaii, USA"
1991,1,1991.0411,354.72,"Mauna Loa, Hawaii, USA"
1991,2,1991.126,355.75,"Mauna Loa, Hawaii, USA"
1991,3,1991.2027,357.16,"Mauna Loa, Hawaii, USA"
1991,4,1991.2877,358.6,"Mauna Loa, Hawaii, USA"
1991,5,1991.3699,359.34,"Mauna Loa, Hawaii, USA"
1991,6,1991.4548,358.24,"Mauna Loa, Hawaii, USA"
1991,7,1991.537,356.17,"Mauna Loa, Hawaii, USA"
1991,8,1991.6219,354.02,"Mauna Loa, Hawaii, USA"
1991,9,1991.7068,352.15,"Mauna Loa, Hawaii, USA"
1991,10,1991.789,352.21,"Mauna Loa, Hawaii, USA"
1991,11,1991.874,353.75,"Mauna Loa, Hawaii, USA"
1991,12,1991.9562,354.99,"Mauna Loa, Hawaii, USA"
1992,1,1992.041,355.99,"Mauna Loa, Hawaii, USA"
1992,2,1992.1257,356.72,"Mauna Loa, Hawaii, USA"
1992,3,1992.2049,357.81,"Mauna Loa, Hawaii, USA"
1992,4,1992.2896,359.15,"Mauna Loa, Hawaii, USA"
1992,5,1992.3716,359.66,"Mauna Loa, Hawaii, USA"
1992,6,1992.4563,359.25,"Mauna Loa, Hawaii, USA"
1992,7,1992.5383,357.02,"Mauna Loa, Hawaii, USA"
1992,8,1992.623,355,"Mauna Loa, Hawaii, USA"
1992,9,1992.7077,353.01,"Mauna Loa, Hawaii, USA"
1992,10,1992.7896,353.31,"Mauna Loa, Hawaii, USA"
1992,11,1992.8743,354.16,"Mauna Loa, Hawaii, USA"
1992,12,1992.9563,355.4,"Mauna Loa, Hawaii, USA"
1993,1,1993.0411,356.7,"Mauna Loa, Hawaii, USA"
1993,2,1993.126,357.17,"Mauna Loa, Hawaii, USA"
1993,3,1993.2027,358.38,"Mauna Loa, Hawaii, USA"
1993,4,1993.2877,359.46,"Mauna Loa, Hawaii, USA"
1993,5,1993.3699,360.28,"Mauna Loa, Hawaii, USA"
1993,6,1993.4548,359.6,"Mauna Loa, Hawaii, USA"
1993,7,1993.537,357.57,"Mauna Loa, Hawaii, USA"
1993,8,1993.6219,355.52,"Mauna Loa, Hawaii, USA"
1993,9,1993.7068,353.69,"Mauna Loa, Hawaii, USA"
1993,10,1993.789,353.99,"Mauna Loa, Hawaii, USA"
1993,11,1993.874,355.34,"Mauna Loa, Hawaii, USA"
1993,12,1993.9562,356.8,"Mauna Loa, Hawaii, USA"
1994,1,1994.0411,358.37,"Mauna Loa, Hawaii, USA"
1994,2,1994.126,358.91,"Mauna Loa, Hawaii, USA"
1994,3,1994.2027,359.97,"Mauna Loa, Hawaii, USA"
1994,4,1994.2877,361.26,"Mauna Loa, Hawaii, USA"
1994,5,1994.3699,361.69,"Mauna Loa, Hawaii, USA"
1994,6,1994.4548,360.94,"Mauna Loa, Hawaii, USA"
1994,7,1994.537,359.55,"Mauna Loa, Hawaii, USA"
1994,8,1994.6219,357.48,"Mauna Loa, Hawaii, USA"
1994,9,1994.7068,355.84,"Mauna Loa, Hawaii, USA"
1994,10,1994.789,356,"Mauna Loa, Hawaii, USA"
1994,11,1994.874,357.58,"Mauna Loa, Hawaii, USA"
1994,12,1994.9562,359.04,"Mauna Loa, Hawaii, USA"
1995,1,1995.0411,359.97,"Mauna Loa, Hawaii, USA"
1995,2,1995.126,361,"Mauna Loa, Hawaii, USA"
1995,3,1995.2027,361.63,"Mauna Loa, Hawaii, USA"
1995,4,1995.2877,363.45,"Mauna Loa, Hawaii, USA"
1995,5,1995.3699,363.8,"Mauna Loa, Hawaii, USA"
1995,6,1995.4548,363.26,"Mauna Loa, Hawaii, USA"
1995,7,1995.537,361.89,"Mauna Loa, Hawaii, USA"
1995,8,1995.6219,359.45,"Mauna Loa, Hawaii, USA"
1995,9,1995.7068,358.05,"Mauna Loa, Hawaii, USA"
1995,10,1995.789,357.75,"Mauna Loa, Hawaii, USA"
1995,11,1995.874,359.56,"Mauna Loa, Hawaii, USA"
1995,12,1995.9562,360.7,"Mauna Loa, Hawaii, USA"
1996,1,1996.041,362.05,"Mauna Loa, Hawaii, USA"
1996,2,1996.1257,363.24,"Mauna Loa, Hawaii, USA"
1996,3,1996.2049,364.02,"Mauna Loa, Hawaii, USA"
1996,4,1996.2896,364.71,"Mauna Loa, Hawaii, USA"
1996,5,1996.3716,365.41,"Mauna Loa, Hawaii, USA"
1996,6,1996.4563,364.97,"Mauna Loa, Hawaii, USA"
1996,7,1996.5383,363.65,"Mauna Loa, Hawaii, USA"
1996,8,1996.623,361.48,"Mauna Loa, Hawaii, USA"
1996,9,1996.7077,359.45,"Mauna Loa, Hawaii, USA"
1996,10,1996.7896,359.61,"Mauna Loa, Hawaii, USA"
1996,11,1996.8743,360.76,"Mauna Loa, Hawaii, USA"
1996,12,1996.9563,362.33,"Mauna Loa, Hawaii, USA"
1997,1,1997.0411,363.18,"Mauna Loa, Hawaii, USA"
1997,2,1997.126,363.99,"Mauna Loa, Hawaii, USA"
1997,3,1997.2027,364.56,"Mauna Loa, Hawaii, USA"
1997,4,1997.2877,366.36,"Mauna Loa, Hawaii, USA"
1997,5,1997.3699,366.8,"Mauna Loa, Hawaii, USA"
1997,6,1997.4548,365.63,"Mauna Loa, Hawaii, USA"
1997,7,1997.537,364.47,"Mauna Loa, Hawaii, USA"
1997,8,1997.6219,362.5,"Mauna Loa, Hawaii, USA"
1997,9,1997.7068,360.19,"Mauna Loa, Hawaii, USA"
1997,10,1997.789,360.78,"Mauna Loa, Hawaii, USA"
1997,11,1997.874,362.43,"Mauna Loa, Hawaii, USA"
1997,12,1997.9562,364.28,"Mauna Loa, Hawaii, USA"
1998,1,1998.0411,365.33,"Mauna Loa, Hawaii, USA"
1998,2,1998.126,366.15,"Mauna Loa, Hawaii, USA"
1998,3,1998.2027,367.31,"Mauna Loa, Hawaii, USA"
1998,4,1998.2877,368.61,"Mauna Loa, Hawaii, USA"
1998,5,1998.3699,369.3,"Mauna Loa, Hawaii, USA"
1998,6,1998.4548,368.88,"Mauna Loa, Hawaii, USA"
1998,7,1998.537,367.64,"Mauna Loa, Hawaii, USA"
1998,8,1998.6219,365.78,"Mauna Loa, Hawaii, USA"
1998,9,1998.7068,363.9,"Mauna Loa, Hawaii, USA"
1998,10,1998.789,364.23,"Mauna Loa, Hawaii, USA"
1998,11,1998.874,365.46,"Mauna Loa, Hawaii, USA"
1998,12,1998.9562,366.97,"Mauna Loa, Hawaii, USA"
1999,1,1999.0411,368.15,"Mauna Loa, Hawaii, USA"
1999,2,1999.126,368.87,"Mauna Loa, Hawaii, USA"
1999,3,1999.2027,369.59,"Mauna Loa, Hawaii, USA"
1999,4,1999.2877,371.14,"Mauna Loa, Hawaii, USA"
1999,5,1999.3699,371,"Mauna Loa, Hawaii, USA"
1999,6,1999.4548,370.35,"Mauna Loa, Hawaii, USA"
1999,7,1999.537,369.27,"Mauna Loa, Hawaii, USA"
1999,8,1999.6219,366.93,"Mauna Loa, Hawaii, USA"
1999,9,1999.7068,364.64,"Mauna Loa, Hawaii, USA"
1999,10,1999.789,365.13,"Mauna Loa, Hawaii, USA"
1999,11,1999.874,366.68,"Mauna Loa, Hawaii, USA"
1999,12,1999.9562,368,"Mauna Loa, Hawaii, USA"
2000,1,2000.041,369.14,"Mauna Loa, Hawaii, USA"
2000,2,2000.1257,369.46,"Mauna Loa, Hawaii, USA"
2000,3,2000.2049,370.51,"Mauna Loa, Hawaii, USA"
2000,4,2000.2896,371.66,"Mauna Loa, Hawaii, USA"
2000,5,2000.3716,371.83,"Mauna Loa, Hawaii, USA"
2000,6,2000.4563,371.69,"Mauna Loa, Hawaii, USA"
2000,7,2000.5383,370.12,"Mauna Loa, Hawaii, USA"
2000,8,2000.623,368.12,"Mauna Loa, Hawaii, USA"
2000,9,2000.7077,366.62,"Mauna Loa, Hawaii, USA"
2000,10,2000.7896,366.73,"Mauna Loa, Hawaii, USA"
2000,11,2000.8743,368.29,"Mauna Loa, Hawaii, USA"
2000,12,2000.9563,369.53,"Mauna Loa, Hawaii, USA"
2001,1,2001.0411,370.28,"Mauna Loa, Hawaii, USA"
2001,2,2001.126,371.5,"Mauna Loa, Hawaii, USA"
2001,3,2001.2027,372.12,"Mauna Loa, Hawaii, USA"
2001,4,2001.2877,372.86,"Mauna Loa, Hawaii, USA"
2001,5,2001.3699,374.02,"Mauna Loa, Hawaii, USA"
2001,6,2001.4548,373.31,"Mauna Loa, Hawaii, USA"
2001,7,2001.537,371.62,"Mauna Loa, Hawaii, USA"
2001,8,2001.6219,369.55,"Mauna Loa, Hawaii, USA"
2001,9,2001.7068,367.96,"Mauna Loa, Hawaii, USA"
2001,10,2001.789,368.09,"Mauna Loa, Hawaii, USA"
2001,11,2001.874,369.68,"Mauna Loa, Hawaii, USA"
2001,12,2001.9562,371.24,"Mauna Loa, Hawaii, USA"
2002,1,2002.0411,372.44,"Mauna Loa, Hawaii, USA"
2002,2,2002.126,373.08,"Mauna Loa, Hawaii, USA"
2002,3,2002.2027,373.52,"Mauna Loa, Hawaii, USA"
2002,4,2002.2877,374.85,"Mauna Loa, Hawaii, USA"
2002,5,2002.3699,375.55,"Mauna Loa, Hawaii, USA"
2002,6,2002.4548,375.4,"Mauna Loa, Hawaii, USA"
2002,7,2002.537,374.02,"Mauna Loa, Hawaii, USA"
2002,8,2002.6219,371.48,"Mauna Loa, Hawaii, USA"
2002,9,2002.7068,370.7,"Mauna Loa, Hawaii, USA"
2002,10,2002.789,370.25,"Mauna Loa, Hawaii, USA"
2002,11,2002.874,372.08,"Mauna Loa, Hawaii, USA"
2002,12,2002.9562,373.78,"Mauna Loa, Hawaii, USA"
2003,1,2003.0411,374.68,"Mauna Loa, Hawaii, USA"
2003,2,2003.126,375.62,"Mauna Loa, Hawaii, USA"
2003,3,2003.2027,376.11,"Mauna Loa, Hawaii, USA"
2003,4,2003.2877,377.65,"Mauna Loa, Hawaii, USA"
2003,5,2003.3699,378.35,"Mauna Loa, Hawaii, USA"
2003,6,2003.4548,378.13,"Mauna Loa, Hawaii, USA"
2003,7,2003.537,376.61,"Mauna Loa, Hawaii, USA"
2003,8,2003.6219,374.48,"Mauna Loa, Hawaii, USA"
2003,9,2003.7068,372.98,"Mauna Loa, Hawaii, USA"
2003,10,2003.789,373,"Mauna Loa, Hawaii, USA"
2003,11,2003.874,374.35,"Mauna Loa, Hawaii, USA"
2003,12,2003.9562,375.69,"Mauna Loa, Hawaii, USA"
2004,1,2004.041,376.79,"Mauna Loa, Hawaii, USA"
2004,2,2004.1257,377.37,"Mauna Loa, Hawaii, USA"
2004,3,2004.2049,378.39,"Mauna Loa, Hawaii, USA"
2004,4,2004.2896,380.5,"Mauna Loa, Hawaii, USA"
2004,5,2004.3716,380.62,"Mauna Loa, Hawaii, USA"
2004,6,2004.4563,379.55,"Mauna Loa, Hawaii, USA"
2004,7,2004.5383,377.76,"Mauna Loa, Hawaii, USA"
2004,8,2004.623,375.83,"Mauna Loa, Hawaii, USA"
2004,9,2004.7077,374.05,"Mauna Loa, Hawaii, USA"
2004,10,2004.7896,374.22,"Mauna Loa, Hawaii, USA"
2004,11,2004.8743,375.84,"Mauna Loa, Hawaii, USA"
2004,12,2004.9563,377.44,"Mauna Loa, Hawaii, USA"
2005,1,2005.0411,378.34,"Mauna Loa, Hawaii, USA"
2005,2,2005.126,379.61,"Mauna Loa, Hawaii, USA"
2005,3,2005.2027,380.08,"Mauna Loa, Hawaii, USA"
2005,4,2005.2877,382.05,"Mauna Loa, Hawaii, USA"
2005,5,2005.3699,382.24,"Mauna Loa, Hawaii, USA"
2005,6,2005.4548,382.08,"Mauna Loa, Hawaii, USA"
2005,7,2005.537,380.66,"Mauna Loa, Hawaii, USA"
2005,8,2005.6219,378.67,"Mauna Loa, Hawaii, USA"
2005,9,2005.7068,376.42,"Mauna Loa, Hawaii, USA"
2005,10,2005.789,376.8,"Mauna Loa, Hawaii, USA"
2005,11,2005.874,378.31,"Mauna Loa, Hawaii, USA"
2005,12,2005.9562,379.96,"Mauna Loa, Hawaii, USA"
2006,1,2006.0411,381.37,"Mauna Loa, Hawaii, USA"
2006,2,2006.126,382.02,"Mauna Loa, Hawaii, USA"
2006,3,2006.2027,382.56,"Mauna Loa, Hawaii, USA"
2006,4,2006.2877,384.36,"Mauna Loa, Hawaii, USA"
2006,5,2006.3699,384.92,"Mauna Loa, Hawaii, USA"
2006,6,2006.4548,384.03,"Mauna Loa, Hawaii, USA"
2006,7,2006.537,382.28,"Mauna Loa, Hawaii, USA"
2006,8,2006.6219,380.48,"Mauna Loa, Hawaii, USA"
2006,9,2006.7068,378.81,"Mauna Loa, Hawaii, USA"
2006,10,2006.789,379.06,"Mauna Loa, Hawaii, USA"
2006,11,2006.874,380.14,"Mauna Loa, Hawaii, USA"
2006,12,2006.9562,381.66,"Mauna Loa, Hawaii, USA"
2007,1,2007.0411,382.58,"Mauna Loa, Hawaii, USA"
2007,2,2007.126,383.71,"Mauna Loa, Hawaii, USA"
2007,3,2007.2027,384.34,"Mauna Loa, Hawaii, USA"
2007,4,2007.2877,386.23,"Mauna Loa, Hawaii, USA"
2007,5,2007.3699,386.41,"Mauna Loa, Hawaii, USA"
2007,6,2007.4548,385.87,"Mauna Loa, Hawaii, USA"
2007,7,2007.537,384.44,"Mauna Loa, Hawaii, USA"
2007,8,2007.6219,381.84,"Mauna Loa, Hawaii, USA"
2007,9,2007.7068,380.86,"Mauna Loa, Hawaii, USA"
2007,10,2007.789,380.86,"Mauna Loa, Hawaii, USA"
2007,11,2007.874,382.36,"Mauna Loa, Hawaii, USA"
2007,12,2007.9562,383.61,"Mauna Loa, Hawaii, USA"
2008,1,2008.041,385.07,"Mauna Loa, Hawaii, USA"
2008,2,2008.1257,385.84,"Mauna Loa, Hawaii, USA"
2008,3,2008.2049,385.83,"Mauna Loa, Hawaii, USA"
2008,4,2008.2896,386.77,"Mauna Loa, Hawaii, USA"
2008,5,2008.3716,388.51,"Mauna Loa, Hawaii, USA"
2008,6,2008.4563,388.05,"Mauna Loa, Hawaii, USA"
2008,7,2008.5383,386.25,"Mauna Loa, Hawaii, USA"
2008,8,2008.623,384.08,"Mauna Loa, Hawaii, USA"
2008,9,2008.7077,383.09,"Mauna Loa, Hawaii, USA"
2008,10,2008.7896,382.78,"Mauna Loa, Hawaii, USA"
2008,11,2008.8743,384.01,"Mauna Loa, Hawaii, USA"
2008,12,2008.9563,385.11,"Mauna Loa, Hawaii, USA"
2009,1,2009.0411,386.65,"Mauna Loa, Hawaii, USA"
2009,2,2009.126,387.12,"Mauna Loa, Hawaii, USA"
2009,3,2009.2027,388.52,"Mauna Loa, Hawaii, USA"
2009,4,2009.2877,389.57,"Mauna Loa, Hawaii, USA"
2009,5,2009.3699,390.17,"Mauna Loa, Hawaii, USA"
2009,6,2009.4548,389.62,"Mauna Loa, Hawaii, USA"
2009,7,2009.537,388.07,"Mauna Loa, Hawaii, USA"
2009,8,2009.6219,386.08,"Mauna Loa, Hawaii, USA"
2009,9,2009.7068,384.65,"Mauna Loa, Hawaii, USA"
2009,10,2009.789,384.33,"Mauna Loa, Hawaii, USA"
2009,11,2009.874,386.05,"Mauna Loa, Hawaii, USA"
2009,12,2009.9562,387.49,"Mauna Loa, Hawaii, USA"
2010,1,2010.0411,388.55,"Mauna Loa, Hawaii, USA"
2010,2,2010.126,390.07,"Mauna Loa, Hawaii, USA"
2010,3,2010.2027,391.01,"Mauna Loa, Hawaii, USA"
2010,4,2010.2877,392.38,"Mauna Loa, Hawaii, USA"
2010,5,2010.3699,393.22,"Mauna Loa, Hawaii, USA"
2010,6,2010.4548,392.24,"Mauna Loa, Hawaii, USA"
2010,7,2010.537,390.33,"Mauna Loa, Hawaii, USA"
2010,8,2010.6219,388.52,"Mauna Loa, Hawaii, USA"
2010,9,2010.7068,386.84,"Mauna Loa, Hawaii, USA"
2010,10,2010.789,387.16,"Mauna Loa, Hawaii, USA"
2010,11,2010.874,388.67,"Mauna Loa, Hawaii, USA"
2010,12,2010.9562,389.81,"Mauna Loa, Hawaii, USA"
2011,1,2011.0411,391.3,"Mauna Loa, Hawaii, USA"
2011,2,2011.126,391.92,"Mauna Loa, Hawaii, USA"
2011,3,2011.2027,392.45,"Mauna Loa, Hawaii, USA"
2011,4,2011.2877,393.37,"Mauna Loa, Hawaii, USA"
2011,5,2011.3699,394.28,"Mauna Loa, Hawaii, USA"
2011,6,2011.4548,393.69,"Mauna Loa, Hawaii, USA"
2011,7,2011.537,392.59,"Mauna Loa, Hawaii, USA"
2011,8,2011.6219,390.21,"Mauna Loa, Hawaii, USA"
2011,9,2011.7068,389,"Mauna Loa, Hawaii, USA"
2011,10,2011.789,388.93,"Mauna Loa, Hawaii, USA"
2011,11,2011.874,390.24,"Mauna Loa, Hawaii, USA"
2011,12,2011.9562,391.8,"Mauna Loa, Hawaii, USA"
2012,1,2012.041,393.07,"Mauna Loa, Hawaii, USA"
2012,2,2012.1257,393.35,"Mauna Loa, Hawaii, USA"
2012,3,2012.2049,394.36,"Mauna Loa, Hawaii, USA"
2012,4,2012.2896,396.43,"Mauna Loa, Hawaii, USA"
2012,5,2012.3716,396.87,"Mauna Loa, Hawaii, USA"
2012,6,2012.4563,395.88,"Mauna Loa, Hawaii, USA"
2012,7,2012.5383,394.52,"Mauna Loa, Hawaii, USA"
2012,8,2012.623,392.54,"Mauna Loa, Hawaii, USA"
2012,9,2012.7077,391.13,"Mauna Loa, Hawaii, USA"
2012,10,2012.7896,391.01,"Mauna Loa, Hawaii, USA"
2012,11,2012.8743,392.95,"Mauna Loa, Hawaii, USA"
2012,12,2012.9563,394.33,"Mauna Loa, Hawaii, USA"
2013,1,2013.0411,395.61,"Mauna Loa, Hawaii, USA"
2013,2,2013.126,396.85,"Mauna Loa, Hawaii, USA"
2013,3,2013.2027,397.26,"Mauna Loa, Hawaii, USA"
2013,4,2013.2877,398.35,"Mauna Loa, Hawaii, USA"
2013,5,2013.3699,399.98,"Mauna Loa, Hawaii, USA"
2013,6,2013.4548,398.87,"Mauna Loa, Hawaii, USA"
2013,7,2013.537,397.37,"Mauna Loa, Hawaii, USA"
2013,8,2013.6219,395.41,"Mauna Loa, Hawaii, USA"
2013,9,2013.7068,393.39,"Mauna Loa, Hawaii, USA"
2013,10,2013.789,393.7,"Mauna Loa, Hawaii, USA"
2013,11,2013.874,395.19,"Mauna Loa, Hawaii, USA"
2013,12,2013.9562,396.82,"Mauna Loa, Hawaii, USA"
2014,1,2014.0411,397.93,"Mauna Loa, Hawaii, USA"
2014,2,2014.126,398.1,"Mauna Loa, Hawaii, USA"
2014,3,2014.2027,399.47,"Mauna Loa, Hawaii, USA"
2014,4,2014.2877,401.33,"Mauna Loa, Hawaii, USA"
2014,5,2014.3699,401.88,"Mauna Loa, Hawaii, USA"
2014,6,2014.4548,401.31,"Mauna Loa, Hawaii, USA"
2014,7,2014.537,399.07,"Mauna Loa, Hawaii, USA"
2014,8,2014.6219,397.21,"Mauna Loa, Hawaii, USA"
2014,9,2014.7068,395.4,"Mauna Loa, Hawaii, USA"
2014,10,2014.789,395.65,"Mauna Loa, Hawaii, USA"
2014,11,2014.874,397.23,"Mauna Loa, Hawaii, USA"
2014,12,2014.9562,398.79,"Mauna Loa, Hawaii, USA"
2015,1,2015.0411,399.85,"Mauna Loa, Hawaii, USA"
2015,2,2015.126,400.31,"Mauna Loa, Hawaii, USA"
2015,3,2015.2027,401.51,"Mauna Loa, Hawaii, USA"
2015,4,2015.2877,403.45,"Mauna Loa, Hawaii, USA"
2015,5,2015.3699,404.1,"Mauna Loa, Hawaii, USA"
2015,6,2015.4548,402.88,"Mauna Loa, Hawaii, USA"
2015,7,2015.537,401.61,"Mauna Loa, Hawaii, USA"
2015,8,2015.6219,399,"Mauna Loa, Hawaii, USA"
2015,9,2015.7068,397.5,"Mauna Loa, Hawaii, USA"
2015,10,2015.789,398.28,"Mauna Loa, Hawaii, USA"
2015,11,2015.874,400.24,"Mauna Loa, Hawaii, USA"
2015,12,2015.9562,401.89,"Mauna Loa, Hawaii, USA"
2016,1,2016.041,402.65,"Mauna Loa, Hawaii, USA"
2016,2,2016.1257,404.16,"Mauna Loa, Hawaii, USA"
2016,3,2016.2049,404.85,"Mauna Loa, Hawaii, USA"
2016,4,2016.2896,407.57,"Mauna Loa, Hawaii, USA"
2016,5,2016.3716,407.66,"Mauna Loa, Hawaii, USA"
2016,6,2016.4563,407,"Mauna Loa, Hawaii, USA"
2016,7,2016.5383,404.5,"Mauna Loa, Hawaii, USA"
2016,8,2016.623,402.24,"Mauna Loa, Hawaii, USA"
2016,9,2016.7077,401.01,"Mauna Loa, Hawaii, USA"
2016,10,2016.7896,401.5,"Mauna Loa, Hawaii, USA"
2016,11,2016.8743,403.64,"Mauna Loa, Hawaii, USA"
2016,12,2016.9563,404.55,"Mauna Loa, Hawaii, USA"
2017,1,2017.0411,406.07,"Mauna Loa, Hawaii, USA"
2017,2,2017.126,406.64,"Mauna Loa, Hawaii, USA"
2017,3,2017.2027,407.06,"Mauna Loa, Hawaii, USA"
2017,4,2017.2877,408.95,"Mauna Loa, Hawaii, USA"
2017,5,2017.3699,409.91,"Mauna Loa, Hawaii, USA"
2017,6,2017.4548,409.12,"Mauna Loa, Hawaii, USA"
2017,7,2017.537,407.2,"Mauna Loa, Hawaii, USA"
2017,8,2017.6219,405.24,"Mauna Loa, Hawaii, USA"
2017,9,2017.7068,403.27,"Mauna Loa, Hawaii, USA"
2017,10,2017.789,403.64,"Mauna Loa, Hawaii, USA"
2017,11,2017.874,405.17,"Mauna Loa, Hawaii, USA"
2017,12,2017.9562,406.75,"Mauna Loa, Hawaii, USA"
2018,1,2018.0411,408.05,"Mauna Loa, Hawaii, USA"
2018,2,2018.126,408.34,"Mauna Loa, Hawaii, USA"
2018,3,2018.2027,409.25,"Mauna Loa, Hawaii, USA"
2018,4,2018.2877,410.3,"Mauna Loa, Hawaii, USA"
2018,5,2018.3699,411.3,"Mauna Loa, Hawaii, USA"
2018,6,2018.4548,410.88,"Mauna Loa, Hawaii, USA"
2018,7,2018.537,408.9,"Mauna Loa, Hawaii, USA"
2018,8,2018.6219,407.1,"Mauna Loa, Hawaii, USA"
2018,9,2018.7068,405.59,"Mauna Loa, Hawaii, USA"
2018,10,2018.789,405.99,"Mauna Loa, Hawaii, USA"
2018,11,2018.874,408.12,"Mauna Loa, Hawaii, USA"
2018,12,2018.9562,409.23,"Mauna Loa, Hawaii, USA"
2019,1,2019.0411,410.92,"Mauna Loa, Hawaii, USA"
2019,2,2019.126,411.66,"Mauna Loa, Hawaii, USA"
2019,3,2019.2027,412,"Mauna Loa, Hawaii, USA"
2019,4,2019.2877,413.52,"Mauna Loa, Hawaii, USA"
2019,5,2019.3699,-99.99,"Mauna Loa, Hawaii, USA"
2019,6,2019.4548,-99.99,"Mauna Loa, Hawaii, USA"
2019,7,2019.537,-99.99,"Mauna Loa, Hawaii, USA"
2019,8,2019.6219,-99.99,"Mauna Loa, Hawaii, USA"
2019,9,2019.7068,-99.99,"Mauna Loa, Hawaii, USA"
2019,10,2019.789,-99.99,"Mauna Loa, Hawaii, USA"
2019,11,2019.874,-99.99,"Mauna Loa, Hawaii, USA"
2019,12,2019.9562,-99.99,"Mauna Loa, Hawaii, USA"
1985,1,1985.0411,-99.99,"Alert Station, NWT, Canada"
1985,2,1985.126,-99.99,"Alert Station, NWT, Canada"
1985,3,1985.2027,-99.99,"Alert Station, NWT, Canada"
1985,4,1985.2877,-99.99,"Alert Station, NWT, Canada"
1985,5,1985.3699,352.76,"Alert Station, NWT, Canada"
1985,6,1985.4548,348.19,"Alert Station, NWT, Canada"
1985,7,1985.537,343.36,"Alert Station, NWT, Canada"
1985,8,1985.6219,-99.99,"Alert Station, NWT, Canada"
1985,9,1985.7068,338.64,"Alert Station, NWT, Canada"
1985,10,1985.789,342.8,"Alert Station, NWT, Canada"
1985,11,1985.874,347.12,"Alert Station, NWT, Canada"
1985,12,1985.9562,350.26,"Alert Station, NWT, Canada"
1986,1,1986.0411,351.16,"Alert Station, NWT, Canada"
1986,2,1986.126,351.66,"Alert Station, NWT, Canada"
1986,3,1986.2027,352.83,"Alert Station, NWT, Canada"
1986,4,1986.2877,353.11,"Alert Station, NWT, Canada"
1986,5,1986.3699,353.71,"Alert Station, NWT, Canada"
1986,6,1986.4548,351.8,"Alert Station, NWT, Canada"
1986,7,1986.537,347,"Alert Station, NWT, Canada"
1986,8,1986.6219,340.59,"Alert Station, NWT, Canada"
1986,9,1986.7068,339.41,"Alert Station, NWT, Canada"
1986,10,1986.789,344.31,"Alert Station, NWT, Canada"
1986,11,1986.874,348.69,"Alert Station, NWT, Canada"
1986,12,1986.9562,349.52,"Alert Station, NWT, Canada"
1987,1,1987.0411,351.6,"Alert Station, NWT, Canada"
1987,2,1987.126,352.25,"Alert Station, NWT, Canada"
1987,3,1987.2027,354.03,"Alert Station, NWT, Canada"
1987,4,1987.2877,353.71,"Alert Station, NWT, Canada"
1987,5,1987.3699,354.67,"Alert Station, NWT, Canada"
1987,6,1987.4548,352.95,"Alert Station, NWT, Canada"
1987,7,1987.537,348.36,"Alert Station, NWT, Canada"
1987,8,1987.6219,341.17,"Alert Station, NWT, Canada"
1987,9,1987.7068,340.54,"Alert Station, NWT, Canada"
1987,10,1987.789,346.19,"Alert Station, NWT, Canada"
1987,11,1987.874,349.33,"Alert Station, NWT, Canada"
1987,12,1987.9562,352.67,"Alert Station, NWT, Canada"
1988,1,1988.041,354.19,"Alert Station, NWT, Canada"
1988,2,1988.1257,355.54,"Alert Station, NWT, Canada"
1988,3,1988.2049,356.28,"Alert Station, NWT, Canada"
1988,4,1988.2896,357.29,"Alert Station, NWT, Canada"
1988,5,1988.3716,356.99,"Alert Station, NWT, Canada"
1988,6,1988.4563,356.31,"Alert Station, NWT, Canada"
1988,7,1988.5383,348.53,"Alert Station, NWT, Canada"
1988,8,1988.623,344.18,"Alert Station, NWT, Canada"
1988,9,1988.7077,-99.99,"Alert Station, NWT, Canada"
1988,10,1988.7896,349.6,"Alert Station, NWT, Canada"
1988,11,1988.8743,354.9,"Alert Station, NWT, Canada"
1988,12,1988.9563,357.52,"Alert Station, NWT, Canada"
1989,1,1989.0411,356.39,"Alert Station, NWT, Canada"
1989,2,1989.126,358.92,"Alert Station, NWT, Canada"
1989,3,1989.2027,360.15,"Alert Station, NWT, Canada"
1989,4,1989.2877,359.58,"Alert Station, NWT, Canada"
1989,5,1989.3699,359.59,"Alert Station, NWT, Canada"
1989,6,1989.4548,357.76,"Alert Station, NWT, Canada"
1989,7,1989.537,351.61,"Alert Station, NWT, Canada"
1989,8,1989.6219,345.79,"Alert Station, NWT, Canada"
1989,9,1989.7068,346.22,"Alert Station, NWT, Canada"
1989,10,1989.789,349.94,"Alert Station, NWT, Canada"
1989,11,1989.874,354.76,"Alert Station, NWT, Canada"
1989,12,1989.9562,358.35,"Alert Station, NWT, Canada"
1990,1,1990.0411,359.34,"Alert Station, NWT, Canada"
1990,2,1990.126,360.17,"Alert Station, NWT, Canada"
1990,3,1990.2027,360.83,"Alert Station, NWT, Canada"
1990,4,1990.2877,360.65,"Alert Station, NWT, Canada"
1990,5,1990.3699,360.26,"Alert Station, NWT, Canada"
1990,6,1990.4548,357.76,"Alert Station, NWT, Canada"
1990,7,1990.537,351.33,"Alert Station, NWT, Canada"
1990,8,1990.6219,346.25,"Alert Station, NWT, Canada"
1990,9,1990.7068,347.14,"Alert Station, NWT, Canada"
1990,10,1990.789,350.85,"Alert Station, NWT, Canada"
1990,11,1990.874,355.8,"Alert Station, NWT, Canada"
1990,12,1990.9562,358.48,"Alert Station, NWT, Canada"
1991,1,1991.0411,360.55,"Alert Station, NWT, Canada"
1991,2,1991.126,362.1,"Alert Station, NWT, Canada"
1991,3,1991.2027,360.99,"Alert Station, NWT, Canada"
1991,4,1991.2877,361.93,"Alert Station, NWT, Canada"
1991,5,1991.3699,361.51,"Alert Station, NWT, Canada"
1991,6,1991.4548,359.93,"Alert Station, NWT, Canada"
1991,7,1991.537,354.17,"Alert Station, NWT, Canada"
1991,8,1991.6219,347.59,"Alert Station, NWT, Canada"
1991,9,1991.7068,348.71,"Alert Station, NWT, Canada"
1991,10,1991.789,352.98,"Alert Station, NWT, Canada"
1991,11,1991.874,357.56,"Alert Station, NWT, Canada"
1991,12,1991.9562,359.99,"Alert Station, NWT, Canada"
1992,1,1992.041,362.17,"Alert Station, NWT, Canada"
1992,2,1992.1257,362.21,"Alert Station, NWT, Canada"
1992,3,1992.2049,363.79,"Alert Station, NWT, Canada"
1992,4,1992.2896,362.64,"Alert Station, NWT, Canada"
1992,5,1992.3716,363.18,"Alert Station, NWT, Canada"
1992,6,1992.4563,361.65,"Alert Station, NWT, Canada"
1992,7,1992.5383,353.94,"Alert Station, NWT, Canada"
1992,8,1992.623,347,"Alert Station, NWT, Canada"
1992,9,1992.7077,347.85,"Alert Station, NWT, Canada"
1992,10,1992.7896,352.23,"Alert Station, NWT, Canada"
1992,11,1992.8743,356.8,"Alert Station, NWT, Canada"
1992,12,1992.9563,361.08,"Alert Station, NWT, Canada"
1993,1,1993.0411,361.93,"Alert Station, NWT, Canada"
1993,2,1993.126,361.93,"Alert Station, NWT, Canada"
1993,3,1993.2027,362.76,"Alert Station, NWT, Canada"
1993,4,1993.2877,363.52,"Alert Station, NWT, Canada"
1993,5,1993.3699,-99.99,"Alert Station, NWT, Canada"
1993,6,1993.4548,361,"Alert Station, NWT, Canada"
1993,7,1993.537,354.18,"Alert Station, NWT, Canada"
1993,8,1993.6219,348.11,"Alert Station, NWT, Canada"
1993,9,1993.7068,348.48,"Alert Station, NWT, Canada"
1993,10,1993.789,353.4,"Alert Station, NWT, Canada"
1993,11,1993.874,357.02,"Alert Station, NWT, Canada"
1993,12,1993.9562,360.36,"Alert Station, NWT, Canada"
1994,1,1994.0411,363.06,"Alert Station, NWT, Canada"
1994,2,1994.126,364.16,"Alert Station, NWT, Canada"
1994,3,1994.2027,364.86,"Alert Station, NWT, Canada"
1994,4,1994.2877,364.46,"Alert Station, NWT, Canada"
1994,5,1994.3699,364.31,"Alert Station, NWT, Canada"
1994,6,1994.4548,362.14,"Alert Station, NWT, Canada"
1994,7,1994.537,356.73,"Alert Station, NWT, Canada"
1994,8,1994.6219,350.87,"Alert Station, NWT, Canada"
1994,9,1994.7068,350.49,"Alert Station, NWT, Canada"
1994,10,1994.789,356.06,"Alert Station, NWT, Canada"
1994,11,1994.874,360.04,"Alert Station, NWT, Canada"
1994,12,1994.9562,363.29,"Alert Station, NWT, Canada"
1995,1,1995.0411,363.5,"Alert Station, NWT, Canada"
1995,2,1995.126,364.92,"Alert Station, NWT, Canada"
1995,3,1995.2027,366.71,"Alert Station, NWT, Canada"
1995,4,1995.2877,366.33,"Alert Station, NWT, Canada"
1995,5,1995.3699,365.75,"Alert Station, NWT, Canada"
1995,6,1995.4548,364.32,"Alert Station, NWT, Canada"
1995,7,1995.537,358.6,"Alert Station, NWT, Canada"
1995,8,1995.6219,352.05,"Alert Station, NWT, Canada"
1995,9,1995.7068,353.46,"Alert Station, NWT, Canada"
1995,10,1995.789,357.26,"Alert Station, NWT, Canada"
1995,11,1995.874,362.32,"Alert Station, NWT, Canada"
1995,12,1995.9562,365.65,"Alert Station, NWT, Canada"
1996,1,1996.041,366.94,"Alert Station, NWT, Canada"
1996,2,1996.1257,366.69,"Alert Station, NWT, Canada"
1996,3,1996.2049,367.62,"Alert Station, NWT, Canada"
1996,4,1996.2896,368.16,"Alert Station, NWT, Canada"
1996,5,1996.3716,369.13,"Alert Station, NWT, Canada"
1996,6,1996.4563,367.33,"Alert Station, NWT, Canada"
1996,7,1996.5383,361.52,"Alert Station, NWT, Canada"
1996,8,1996.623,356.13,"Alert Station, NWT, Canada"
1996,9,1996.7077,354.52,"Alert Station, NWT, Canada"
1996,10,1996.7896,360.1,"Alert Station, NWT, Canada"
1996,11,1996.8743,363.81,"Alert Station, NWT, Canada"
1996,12,1996.9563,365.52,"Alert Station, NWT, Canada"
1997,1,1997.0411,368.33,"Alert Station, NWT, Canada"
1997,2,1997.126,369.05,"Alert Station, NWT, Canada"
1997,3,1997.2027,368.15,"Alert Station, NWT, Canada"
1997,4,1997.2877,368.83,"Alert Station, NWT, Canada"
1997,5,1997.3699,369.48,"Alert Station, NWT, Canada"
1997,6,1997.4548,367.58,"Alert Station, NWT, Canada"
1997,7,1997.537,360.84,"Alert Station, NWT, Canada"
1997,8,1997.6219,355.16,"Alert Station, NWT, Canada"
1997,9,1997.7068,356.01,"Alert Station, NWT, Canada"
1997,10,1997.789,360.7,"Alert Station, NWT, Canada"
1997,11,1997.874,364.74,"Alert Station, NWT, Canada"
1997,12,1997.9562,367.82,"Alert Station, NWT, Canada"
1998,1,1998.0411,369.43,"Alert Station, NWT, Canada"
1998,2,1998.126,370.1,"Alert Station, NWT, Canada"
1998,3,1998.2027,370.88,"Alert Station, NWT, Canada"
1998,4,1998.2877,370.53,"Alert Station, NWT, Canada"
1998,5,1998.3699,371.54,"Alert Station, NWT, Canada"
1998,6,1998.4548,369.28,"Alert Station, NWT, Canada"
1998,7,1998.537,364.49,"Alert Station, NWT, Canada"
1998,8,1998.6219,357.42,"Alert Station, NWT, Canada"
1998,9,1998.7068,360.55,"Alert Station, NWT, Canada"
1998,10,1998.789,364.03,"Alert Station, NWT, Canada"
1998,11,1998.874,368.71,"Alert Station, NWT, Canada"
1998,12,1998.9562,371.59,"Alert Station, NWT, Canada"
1999,1,1999.0411,372.65,"Alert Station, NWT, Canada"
1999,2,1999.126,373.84,"Alert Station, NWT, Canada"
1999,3,1999.2027,373.77,"Alert Station, NWT, Canada"
1999,4,1999.2877,374.1,"Alert Station, NWT, Canada"
1999,5,1999.3699,374.5,"Alert Station, NWT, Canada"
1999,6,1999.4548,372.05,"Alert Station, NWT, Canada"
1999,7,1999.537,364.81,"Alert Station, NWT, Canada"
1999,8,1999.6219,359.1,"Alert Station, NWT, Canada"
1999,9,1999.7068,359.66,"Alert Station, NWT, Canada"
1999,10,1999.789,364.93,"Alert Station, NWT, Canada"
1999,11,1999.874,369.79,"Alert Station, NWT, Canada"
1999,12,1999.9562,372.63,"Alert Station, NWT, Canada"
2000,1,2000.041,373.23,"Alert Station, NWT, Canada"
2000,2,2000.1257,375.13,"Alert Station, NWT, Canada"
2000,3,2000.2049,374.83,"Alert Station, NWT, Canada"
2000,4,2000.2896,375.42,"Alert Station, NWT, Canada"
2000,5,2000.3716,376.18,"Alert Station, NWT, Canada"
2000,6,2000.4563,374.01,"Alert Station, NWT, Canada"
2000,7,2000.5383,366.52,"Alert Station, NWT, Canada"
2000,8,2000.623,360.77,"Alert Station, NWT, Canada"
2000,9,2000.7077,361.78,"Alert Station, NWT, Canada"
2000,10,2000.7896,367.52,"Alert Station, NWT, Canada"
2000,11,2000.8743,370.55,"Alert Station, NWT, Canada"
2000,12,2000.9563,373.37,"Alert Station, NWT, Canada"
2001,1,2001.0411,376.15,"Alert Station, NWT, Canada"
2001,2,2001.126,375.93,"Alert Station, NWT, Canada"
2001,3,2001.2027,376.44,"Alert Station, NWT, Canada"
2001,4,2001.2877,377.48,"Alert Station, NWT, Canada"
2001,5,2001.3699,377.67,"Alert Station, NWT, Canada"
2001,6,2001.4548,374.8,"Alert Station, NWT, Canada"
2001,7,2001.537,367.38,"Alert Station, NWT, Canada"
2001,8,2001.6219,361.65,"Alert Station, NWT, Canada"
2001,9,2001.7068,363.41,"Alert Station, NWT, Canada"
2001,10,2001.789,367.74,"Alert Station, NWT, Canada"
2001,11,2001.874,373.17,"Alert Station, NWT, Canada"
2001,12,2001.9562,374.42,"Alert Station, NWT, Canada"
2002,1,2002.0411,376.64,"Alert Station, NWT, Canada"
2002,2,2002.126,377.42,"Alert Station, NWT, Canada"
2002,3,2002.2027,378.26,"Alert Station, NWT, Canada"
2002,4,2002.2877,378.73,"Alert Station, NWT, Canada"
2002,5,2002.3699,379.01,"Alert Station, NWT, Canada"
2002,6,2002.4548,375.95,"Alert Station, NWT, Canada"
2002,7,2002.537,370.76,"Alert Station, NWT, Canada"
2002,8,2002.6219,364.05,"Alert Station, NWT, Canada"
2002,9,2002.7068,365.36,"Alert Station, NWT, Canada"
2002,10,2002.789,370.25,"Alert Station, NWT, Canada"
2002,11,2002.874,374.04,"Alert Station, NWT, Canada"
2002,12,2002.9562,377.99,"Alert Station, NWT, Canada"
2003,1,2003.0411,379.02,"Alert Station, NWT, Canada"
2003,2,2003.126,379.35,"Alert Station, NWT, Canada"
2003,3,2003.2027,380.88,"Alert Station, NWT, Canada"
2003,4,2003.2877,381.38,"Alert Station, NWT, Canada"
2003,5,2003.3699,382.38,"Alert Station, NWT, Canada"
2003,6,2003.4548,381.03,"Alert Station, NWT, Canada"
2003,7,2003.537,373.78,"Alert Station, NWT, Canada"
2003,8,2003.6219,367.97,"Alert Station, NWT, Canada"
2003,9,2003.7068,368.55,"Alert Station, NWT, Canada"
2003,10,2003.789,372.28,"Alert Station, NWT, Canada"
2003,11,2003.874,377.72,"Alert Station, NWT, Canada"
2003,12,2003.9562,380,"Alert Station, NWT, Canada"
2004,1,2004.041,382.45,"Alert Station, NWT, Canada"
2004,2,2004.1257,382.33,"Alert Station, NWT, Canada"
2004,3,2004.2049,381.58,"Alert Station, NWT, Canada"
2004,4,2004.2896,383.2,"Alert Station, NWT, Canada"
2004,5,2004.3716,383.56,"Alert Station, NWT, Canada"
2004,6,2004.4563,382.6,"Alert Station, NWT, Canada"
2004,7,2004.5383,374.62,"Alert Station, NWT, Canada"
2004,8,2004.623,368.66,"Alert Station, NWT, Canada"
2004,9,2004.7077,368.56,"Alert Station, NWT, Canada"
2004,10,2004.7896,373.38,"Alert Station, NWT, Canada"
2004,11,2004.8743,378.5,"Alert Station, NWT, Canada"
2004,12,2004.9563,381.67,"Alert Station, NWT, Canada"
2005,1,2005.0411,384.11,"Alert Station, NWT, Canada"
2005,2,2005.126,384.29,"Alert Station, NWT, Canada"
2005,3,2005.2027,384.13,"Alert Station, NWT, Canada"
2005,4,2005.2877,385.29,"Alert Station, NWT, Canada"
2005,5,2005.3699,385.3,"Alert Station, NWT, Canada"
2005,6,2005.4548,383.78,"Alert Station, NWT, Canada"
2005,7,2005.537,377.05,"Alert Station, NWT, Canada"
2005,8,2005.6219,370.58,"Alert Station, NWT, Canada"
2005,9,2005.7068,372.08,"Alert Station, NWT, Canada"
2005,10,2005.789,375.18,"Alert Station, NWT, Canada"
2005,11,2005.874,381.69,"Alert Station, NWT, Canada"
2005,12,2005.9562,385.04,"Alert Station, NWT, Canada"
2006,1,2006.0411,384.95,"Alert Station, NWT, Canada"
2006,2,2006.126,385.52,"Alert Station, NWT, Canada"
2006,3,2006.2027,386.79,"Alert Station, NWT, Canada"
2006,4,2006.2877,387.72,"Alert Station, NWT, Canada"
2006,5,2006.3699,388.61,"Alert Station, NWT, Canada"
2006,6,2006.4548,387.51,"Alert Station, NWT, Canada"
2006,7,2006.537,380.87,"Alert Station, NWT, Canada"
2006,8,2006.6219,373.88,"Alert Station, NWT, Canada"
2006,9,2006.7068,374.79,"Alert Station, NWT, Canada"
2006,10,2006.789,378.86,"Alert Station, NWT, Canada"
2006,11,2006.874,384.2,"Alert Station, NWT, Canada"
2006,12,2006.9562,387.15,"Alert Station, NWT, Canada"
2007,1,2007.0411,388.28,"Alert Station, NWT, Canada"
2007,2,2007.126,388.81,"Alert Station, NWT, Canada"
2007,3,2007.2027,389.69,"Alert Station, NWT, Canada"
2007,4,2007.2877,389.76,"Alert Station, NWT, Canada"
2007,5,2007.3699,389.5,"Alert Station, NWT, Canada"
2007,6,2007.4548,387.85,"Alert Station, NWT, Canada"
2007,7,2007.537,380.78,"Alert Station, NWT, Canada"
2007,8,2007.6219,372.95,"Alert Station, NWT, Canada"
2007,9,2007.7068,375.35,"Alert Station, NWT, Canada"
2007,10,2007.789,380.65,"Alert Station, NWT, Canada"
2007,11,2007.874,384.27,"Alert Station, NWT, Canada"
2007,12,2007.9562,-99.99,"Alert Station, NWT, Canada"
2008,1,2008.041,390.11,"Alert Station, NWT, Canada"
2008,2,2008.1257,390.87,"Alert Station, NWT, Canada"
2008,3,2008.2049,392.53,"Alert Station, NWT, Canada"
2008,4,2008.2896,392.28,"Alert Station, NWT, Canada"
2008,5,2008.3716,392.63,"Alert Station, NWT, Canada"
2008,6,2008.4563,389.45,"Alert Station, NWT, Canada"
2008,7,2008.5383,382.98,"Alert Station, NWT, Canada"
2008,8,2008.623,-99.99,"Alert Station, NWT, Canada"
2008,9,2008.7077,377.44,"Alert Station, NWT, Canada"
2008,10,2008.7896,381.49,"Alert Station, NWT, Canada"
2008,11,2008.8743,388.12,"Alert Station, NWT, Canada"
2008,12,2008.9563,389.92,"Alert Station, NWT, Canada"
2009,1,2009.0411,393.22,"Alert Station, NWT, Canada"
2009,2,2009.126,392.35,"Alert Station, NWT, Canada"
2009,3,2009.2027,393.5,"Alert Station, NWT, Canada"
2009,4,2009.2877,393.91,"Alert Station, NWT, Canada"
2009,5,2009.3699,394,"Alert Station, NWT, Canada"
2009,6,2009.4548,391.49,"Alert Station, NWT, Canada"
2009,7,2009.537,384.89,"Alert Station, NWT, Canada"
2009,8,2009.6219,377.82,"Alert Station, NWT, Canada"
2009,9,2009.7068,377.72,"Alert Station, NWT, Canada"
2009,10,2009.789,382.89,"Alert Station, NWT, Canada"
2009,11,2009.874,387.18,"Alert Station, NWT, Canada"
2009,12,2009.9562,-99.99,"Alert Station, NWT, Canada"
2010,1,2010.0411,392.33,"Alert Station, NWT, Canada"
2010,2,2010.126,393.48,"Alert Station, NWT, Canada"
2010,3,2010.2027,393.67,"Alert Station, NWT, Canada"
2010,4,2010.2877,395.03,"Alert Station, NWT, Canada"
2010,5,2010.3699,395.6,"Alert Station, NWT, Canada"
2010,6,2010.4548,394.55,"Alert Station, NWT, Canada"
2010,7,2010.537,386.41,"Alert Station, NWT, Canada"
2010,8,2010.6219,380.72,"Alert Station, NWT, Canada"
2010,9,2010.7068,382.15,"Alert Station, NWT, Canada"
2010,10,2010.789,386.9,"Alert Station, NWT, Canada"
2010,11,2010.874,391.31,"Alert Station, NWT, Canada"
2010,12,2010.9562,393.97,"Alert Station, NWT, Canada"
2011,1,2011.0411,395.22,"Alert Station, NWT, Canada"
2011,2,2011.126,396.1,"Alert Station, NWT, Canada"
2011,3,2011.2027,397.43,"Alert Station, NWT, Canada"
2011,4,2011.2877,398.07,"Alert Station, NWT, Canada"
2011,5,2011.3699,398.37,"Alert Station, NWT, Canada"
2011,6,2011.4548,395.08,"Alert Station, NWT, Canada"
2011,7,2011.537,-99.99,"Alert Station, NWT, Canada"
2011,8,2011.6219,380.58,"Alert Station, NWT, Canada"
2011,9,2011.7068,381.72,"Alert Station, NWT, Canada"
2011,10,2011.789,387.82,"Alert Station, NWT, Canada"
2011,11,2011.874,393.49,"Alert Station, NWT, Canada"
2011,12,2011.9562,396.49,"Alert Station, NWT, Canada"
2012,1,2012.041,398.82,"Alert Station, NWT, Canada"
2012,2,2012.1257,398.53,"Alert Station, NWT, Canada"
2012,3,2012.2049,399.17,"Alert Station, NWT, Canada"
2012,4,2012.2896,399.87,"Alert Station, NWT, Canada"
2012,5,2012.3716,400.14,"Alert Station, NWT, Canada"
2012,6,2012.4563,397.28,"Alert Station, NWT, Canada"
2012,7,2012.5383,389.61,"Alert Station, NWT, Canada"
2012,8,2012.623,382.56,"Alert Station, NWT, Canada"
2012,9,2012.7077,385.85,"Alert Station, NWT, Canada"
2012,10,2012.7896,390.25,"Alert Station, NWT, Canada"
2012,11,2012.8743,395.85,"Alert Station, NWT, Canada"
2012,12,2012.9563,399.18,"Alert Station, NWT, Canada"
2013,1,2013.0411,400.84,"Alert Station, NWT, Canada"
2013,2,2013.126,401.29,"Alert Station, NWT, Canada"
2013,3,2013.2027,401.28,"Alert Station, NWT, Canada"
2013,4,2013.2877,401.81,"Alert Station, NWT, Canada"
2013,5,2013.3699,-99.99,"Alert Station, NWT, Canada"
2013,6,2013.4548,400.62,"Alert Station, NWT, Canada"
2013,7,2013.537,394.87,"Alert Station, NWT, Canada"
2013,8,2013.6219,387.78,"Alert Station, NWT, Canada"
2013,9,2013.7068,387.74,"Alert Station, NWT, Canada"
2013,10,2013.789,394.09,"Alert Station, NWT, Canada"
2013,11,2013.874,399.69,"Alert Station, NWT, Canada"
2013,12,2013.9562,401.58,"Alert Station, NWT, Canada"
2014,1,2014.0411,-99.99,"Alert Station, NWT, Canada"
2014,2,2014.126,404.35,"Alert Station, NWT, Canada"
2014,3,2014.2027,406.64,"Alert Station, NWT, Canada"
2014,4,2014.2877,404.85,"Alert Station, NWT, Canada"
2014,5,2014.3699,405.46,"Alert Station, NWT, Canada"
2014,6,2014.4548,403.46,"Alert Station, NWT, Canada"
2014,7,2014.537,396.28,"Alert Station, NWT, Canada"
2014,8,2014.6219,389.74,"Alert Station, NWT, Canada"
2014,9,2014.7068,-99.99,"Alert Station, NWT, Canada"
2014,10,2014.789,-99.99,"Alert Station, NWT, Canada"
2014,11,2014.874,399.17,"Alert Station, NWT, Canada"
2014,12,2014.9562,403.92,"Alert Station, NWT, Canada"
2015,1,2015.0411,404.03,"Alert Station, NWT, Canada"
2015,2,2015.126,407.98,"Alert Station, NWT, Canada"
2015,3,2015.2027,407.82,"Alert Station, NWT, Canada"
2015,4,2015.2877,406.82,"Alert Station, NWT, Canada"
2015,5,2015.3699,407.45,"Alert Station, NWT, Canada"
2015,6,2015.4548,404.58,"Alert Station, NWT, Canada"
2015,7,2015.537,397.68,"Alert Station, NWT, Canada"
2015,8,2015.6219,391.18,"Alert Station, NWT, Canada"
2015,9,2015.7068,392.3,"Alert Station, NWT, Canada"
2015,10,2015.789,397.12,"Alert Station, NWT, Canada"
2015,11,2015.874,403.82,"Alert Station, NWT, Canada"
2015,12,2015.9562,406.29,"Alert Station, NWT, Canada"
2016,1,2016.041,406.71,"Alert Station, NWT, Canada"
2016,2,2016.1257,408.9,"Alert Station, NWT, Canada"
2016,3,2016.2049,409.01,"Alert Station, NWT, Canada"
2016,4,2016.2896,409.55,"Alert Station, NWT, Canada"
2016,5,2016.3716,409.26,"Alert Station, NWT, Canada"
2016,6,2016.4563,406.78,"Alert Station, NWT, Canada"
2016,7,2016.5383,399.61,"Alert Station, NWT, Canada"
2016,8,2016.623,393.49,"Alert Station, NWT, Canada"
2016,9,2016.7077,394.35,"Alert Station, NWT, Canada"
2016,10,2016.7896,400.58,"Alert Station, NWT, Canada"
2016,11,2016.8743,405.66,"Alert Station, NWT, Canada"
2016,12,2016.9563,409.34,"Alert Station, NWT, Canada"
2017,1,2017.0411,412.48,"Alert Station, NWT, Canada"
2017,2,2017.126,412.32,"Alert Station, NWT, Canada"
2017,3,2017.2027,413.6,"Alert Station, NWT, Canada"
2017,4,2017.2877,413.51,"Alert Station, NWT, Canada"
2017,5,2017.3699,413.66,"Alert Station, NWT, Canada"
2017,6,2017.4548,412.23,"Alert Station, NWT, Canada"
2017,7,2017.537,403.89,"Alert Station, NWT, Canada"
2017,8,2017.6219,396.88,"Alert Station, NWT, Canada"
2017,9,2017.7068,397.65,"Alert Station, NWT, Canada"
2017,10,2017.789,402.48,"Alert Station, NWT, Canada"
2017,11,2017.874,407.67,"Alert Station, NWT, Canada"
2017,12,2017.9562,410.15,"Alert Station, NWT, Canada"
2018,1,2018.0411,413.33,"Alert Station, NWT, Canada"
2018,2,2018.126,413.33,"Alert Station, NWT, Canada"
2018,3,2018.2027,413.94,"Alert Station, NWT, Canada"
2018,4,2018.2877,415.75,"Alert Station, NWT, Canada"
2018,5,2018.3699,415.2,"Alert Station, NWT, Canada"
2018,6,2018.4548,413.67,"Alert Station, NWT, Canada"
2018,7,2018.537,406.49,"Alert Station, NWT, Canada"
2018,8,2018.6219,398.67,"Alert Station, NWT, Canada"
2018,9,2018.7068,-99.99,"Alert Station, NWT, Canada"
2018,10,2018.789,-99.99,"Alert Station, NWT, Canada"
2018,11,2018.874,-99.99,"Alert Station, NWT, Canada"
2018,12,2018.9562,-99.99,"Alert Station, NWT, Canada"
1976,5,1976.3689,328.861,"Cape Grim, Tasmania, Australia"
1976,6,1976.4536,328.988,"Cape Grim, Tasmania, Australia"
1976,7,1976.5355,329.653,"Cape Grim, Tasmania, Australia"
1976,8,1976.6202,330.55,"Cape Grim, Tasmania, Australia"
1976,9,1976.7049,330.872,"Cape Grim, Tasmania, Australia"
1976,10,1976.7869,330.899,"Cape Grim, Tasmania, Australia"
1976,11,1976.8716,330.883,"Cape Grim, Tasmania, Australia"
1976,12,1976.9536,330.677,"Cape Grim, Tasmania, Australia"
1977,1,1977.0384,330.529,"Cape Grim, Tasmania, Australia"
1977,2,1977.1233,330.543,"Cape Grim, Tasmania, Australia"
1977,3,1977.2,330.724,"Cape Grim, Tasmania, Australia"
1977,4,1977.2849,330.805,"Cape Grim, Tasmania, Australia"
1977,5,1977.3671,331.007,"Cape Grim, Tasmania, Australia"
1977,6,1977.4521,331.5,"Cape Grim, Tasmania, Australia"
1977,7,1977.5342,331.8,"Cape Grim, Tasmania, Australia"
1977,8,1977.6192,332.327,"Cape Grim, Tasmania, Australia"
1977,9,1977.7041,332.94,"Cape Grim, Tasmania, Australia"
1977,10,1977.7863,333.034,"Cape Grim, Tasmania, Australia"
1977,11,1977.8712,332.778,"Cape Grim, Tasmania, Australia"
1977,12,1977.9534,332.377,"Cape Grim, Tasmania, Australia"
1978,1,1978.0384,332.094,"Cape Grim, Tasmania, Australia"
1978,2,1978.1233,332.175,"Cape Grim, Tasmania, Australia"
1978,3,1978.2,332.398,"Cape Grim, Tasmania, Australia"
1978,4,1978.2849,332.474,"Cape Grim, Tasmania, Australia"
1978,5,1978.3671,332.646,"Cape Grim, Tasmania, Australia"
1978,6,1978.4521,333.015,"Cape Grim, Tasmania, Australia"
1978,7,1978.5342,333.317,"Cape Grim, Tasmania, Australia"
1978,8,1978.6192,333.926,"Cape Grim, Tasmania, Australia"
1978,9,1978.7041,334.977,"Cape Grim, Tasmania, Australia"
1978,10,1978.7863,335.333,"Cape Grim, Tasmania, Australia"
1978,11,1978.8712,334.826,"Cape Grim, Tasmania, Australia"
1978,12,1978.9534,334.531,"Cape Grim, Tasmania, Australia"
1979,1,1979.0384,334.498,"Cape Grim, Tasmania, Australia"
1979,2,1979.1233,334.585,"Cape Grim, Tasmania, Australia"
1979,3,1979.2,334.763,"Cape Grim, Tasmania, Australia"
1979,4,1979.2849,334.703,"Cape Grim, Tasmania, Australia"
1979,5,1979.3671,334.626,"Cape Grim, Tasmania, Australia"
1979,6,1979.4521,334.889,"Cape Grim, Tasmania, Australia"
1979,7,1979.5342,335.452,"Cape Grim, Tasmania, Australia"
1979,8,1979.6192,335.936,"Cape Grim, Tasmania, Australia"
1979,9,1979.7041,335.981,"Cape Grim, Tasmania, Australia"
1979,10,1979.7863,335.979,"Cape Grim, Tasmania, Australia"
1979,11,1979.8712,335.971,"Cape Grim, Tasmania, Australia"
1979,12,1979.9534,335.733,"Cape Grim, Tasmania, Australia"
1980,1,1980.0383,335.678,"Cape Grim, Tasmania, Australia"
1980,2,1980.123,335.778,"Cape Grim, Tasmania, Australia"
1980,3,1980.2022,335.898,"Cape Grim, Tasmania, Australia"
1980,4,1980.2869,336.057,"Cape Grim, Tasmania, Australia"
1980,5,1980.3689,336.185,"Cape Grim, Tasmania, Australia"
1980,6,1980.4536,336.532,"Cape Grim, Tasmania, Australia"
1980,7,1980.5355,336.93,"Cape Grim, Tasmania, Australia"
1980,8,1980.6202,337.096,"Cape Grim, Tasmania, Australia"
1980,9,1980.7049,337.19,"Cape Grim, Tasmania, Australia"
1980,10,1980.7869,337.116,"Cape Grim, Tasmania, Australia"
1980,11,1980.8716,336.938,"Cape Grim, Tasmania, Australia"
1980,12,1980.9536,336.916,"Cape Grim, Tasmania, Australia"
1981,1,1981.0384,337.089,"Cape Grim, Tasmania, Australia"
1981,2,1981.1233,337.23,"Cape Grim, Tasmania, Australia"
1981,3,1981.2,337.226,"Cape Grim, Tasmania, Australia"
1981,4,1981.2849,337.174,"Cape Grim, Tasmania, Australia"
1981,5,1981.3671,337.346,"Cape Grim, Tasmania, Australia"
1981,6,1981.4521,337.587,"Cape Grim, Tasmania, Australia"
1981,7,1981.5342,337.832,"Cape Grim, Tasmania, Australia"
1981,8,1981.6192,338.093,"Cape Grim, Tasmania, Australia"
1981,9,1981.7041,338.165,"Cape Grim, Tasmania, Australia"
1981,10,1981.7863,338.072,"Cape Grim, Tasmania, Australia"
1981,11,1981.8712,338,"Cape Grim, Tasmania, Australia"
1981,12,1981.9534,337.768,"Cape Grim, Tasmania, Australia"
1982,1,1982.0384,337.306,"Cape Grim, Tasmania, Australia"
1982,2,1982.1233,337.127,"Cape Grim, Tasmania, Australia"
1982,3,1982.2,337.274,"Cape Grim, Tasmania, Australia"
1982,4,1982.2849,337.698,"Cape Grim, Tasmania, Australia"
1982,5,1982.3671,338.032,"Cape Grim, Tasmania, Australia"
1982,6,1982.4521,338.186,"Cape Grim, Tasmania, Australia"
1982,7,1982.5342,338.551,"Cape Grim, Tasmania, Australia"
1982,8,1982.6192,338.898,"Cape Grim, Tasmania, Australia"
1982,9,1982.7041,338.822,"Cape Grim, Tasmania, Australia"
1982,10,1982.7863,338.634,"Cape Grim, Tasmania, Australia"
1982,11,1982.8712,338.557,"Cape Grim, Tasmania, Australia"
1982,12,1982.9534,338.328,"Cape Grim, Tasmania, Australia"
1983,1,1983.0384,338.307,"Cape Grim, Tasmania, Australia"
1983,2,1983.1233,338.427,"Cape Grim, Tasmania, Australia"
1983,3,1983.2,338.519,"Cape Grim, Tasmania, Australia"
1983,4,1983.2849,339.115,"Cape Grim, Tasmania, Australia"
1983,5,1983.3671,339.532,"Cape Grim, Tasmania, Australia"
1983,6,1983.4521,339.601,"Cape Grim, Tasmania, Australia"
1983,7,1983.5342,340.338,"Cape Grim, Tasmania, Australia"
1983,8,1983.6192,341.204,"Cape Grim, Tasmania, Australia"
1983,9,1983.7041,341.354,"Cape Grim, Tasmania, Australia"
1983,10,1983.7863,341.257,"Cape Grim, Tasmania, Australia"
1983,11,1983.8712,341.296,"Cape Grim, Tasmania, Australia"
1983,12,1983.9534,341.307,"Cape Grim, Tasmania, Australia"
1984,1,1984.0383,341.273,"Cape Grim, Tasmania, Australia"
1984,2,1984.123,341.271,"Cape Grim, Tasmania, Australia"
1984,3,1984.2022,341.242,"Cape Grim, Tasmania, Australia"
1984,4,1984.2869,341.232,"Cape Grim, Tasmania, Australia"
1984,5,1984.3689,341.39,"Cape Grim, Tasmania, Australia"
1984,6,1984.4536,341.62,"Cape Grim, Tasmania, Australia"
1984,7,1984.5355,341.935,"Cape Grim, Tasmania, Australia"
1984,8,1984.6202,342.359,"Cape Grim, Tasmania, Australia"
1984,9,1984.7049,342.508,"Cape Grim, Tasmania, Australia"
1984,10,1984.7869,342.472,"Cape Grim, Tasmania, Australia"
1984,11,1984.8716,342.426,"Cape Grim, Tasmania, Australia"
1984,12,1984.9536,342.342,"Cape Grim, Tasmania, Australia"
1985,1,1985.0384,342.329,"Cape Grim, Tasmania, Australia"
1985,2,1985.1233,342.289,"Cape Grim, Tasmania, Australia"
1985,3,1985.2,342.319,"Cape Grim, Tasmania, Australia"
1985,4,1985.2849,342.488,"Cape Grim, Tasmania, Australia"
1985,5,1985.3671,342.768,"Cape Grim, Tasmania, Australia"
1985,6,1985.4521,343.159,"Cape Grim, Tasmania, Australia"
1985,7,1985.5342,343.656,"Cape Grim, Tasmania, Australia"
1985,8,1985.6192,344.069,"Cape Grim, Tasmania, Australia"
1985,9,1985.7041,344.197,"Cape Grim, Tasmania, Australia"
1985,10,1985.7863,344.195,"Cape Grim, Tasmania, Australia"
1985,11,1985.8712,343.945,"Cape Grim, Tasmania, Australia"
1985,12,1985.9534,343.71,"Cape Grim, Tasmania, Australia"
1986,1,1986.0384,343.715,"Cape Grim, Tasmania, Australia"
1986,2,1986.1233,343.741,"Cape Grim, Tasmania, Australia"
1986,3,1986.2,343.765,"Cape Grim, Tasmania, Australia"
1986,4,1986.2849,343.784,"Cape Grim, Tasmania, Australia"
1986,5,1986.3671,343.917,"Cape Grim, Tasmania, Australia"
1986,6,1986.4521,344.236,"Cape Grim, Tasmania, Australia"
1986,7,1986.5342,344.685,"Cape Grim, Tasmania, Australia"
1986,8,1986.6192,345.057,"Cape Grim, Tasmania, Australia"
1986,9,1986.7041,345.237,"Cape Grim, Tasmania, Australia"
1986,10,1986.7863,345.307,"Cape Grim, Tasmania, Australia"
1986,11,1986.8712,345.205,"Cape Grim, Tasmania, Australia"
1986,12,1986.9534,344.955,"Cape Grim, Tasmania, Australia"
1987,1,1987.0384,344.717,"Cape Grim, Tasmania, Australia"
1987,2,1987.1233,344.702,"Cape Grim, Tasmania, Australia"
1987,3,1987.2,344.858,"Cape Grim, Tasmania, Australia"
1987,4,1987.2849,345.053,"Cape Grim, Tasmania, Australia"
1987,5,1987.3671,345.442,"Cape Grim, Tasmania, Australia"
1987,6,1987.4521,346.005,"Cape Grim, Tasmania, Australia"
1987,7,1987.5342,346.472,"Cape Grim, Tasmania, Australia"
1987,8,1987.6192,346.965,"Cape Grim, Tasmania, Australia"
1987,9,1987.7041,347.257,"Cape Grim, Tasmania, Australia"
1987,10,1987.7863,347.303,"Cape Grim, Tasmania, Australia"
1987,11,1987.8712,347.406,"Cape Grim, Tasmania, Australia"
1987,12,1987.9534,347.405,"Cape Grim, Tasmania, Australia"
1988,1,1988.0383,347.357,"Cape Grim, Tasmania, Australia"
1988,2,1988.123,347.368,"Cape Grim, Tasmania, Australia"
1988,3,1988.2022,347.428,"Cape Grim, Tasmania, Australia"
1988,4,1988.2869,347.607,"Cape Grim, Tasmania, Australia"
1988,5,1988.3689,347.812,"Cape Grim, Tasmania, Australia"
1988,6,1988.4536,348.252,"Cape Grim, Tasmania, Australia"
1988,7,1988.5355,348.912,"Cape Grim, Tasmania, Australia"
1988,8,1988.6202,349.156,"Cape Grim, Tasmania, Australia"
1988,9,1988.7049,349.051,"Cape Grim, Tasmania, Australia"
1988,10,1988.7869,348.948,"Cape Grim, Tasmania, Australia"
1988,11,1988.8716,348.872,"Cape Grim, Tasmania, Australia"
1988,12,1988.9536,348.832,"Cape Grim, Tasmania, Australia"
1989,1,1989.0384,348.717,"Cape Grim, Tasmania, Australia"
1989,2,1989.1233,348.756,"Cape Grim, Tasmania, Australia"
1989,3,1989.2,348.976,"Cape Grim, Tasmania, Australia"
1989,4,1989.2849,349.056,"Cape Grim, Tasmania, Australia"
1989,5,1989.3671,349.065,"Cape Grim, Tasmania, Australia"
1989,6,1989.4521,349.297,"Cape Grim, Tasmania, Australia"
1989,7,1989.5342,349.682,"Cape Grim, Tasmania, Australia"
1989,8,1989.6192,350.047,"Cape Grim, Tasmania, Australia"
1989,9,1989.7041,350.222,"Cape Grim, Tasmania, Australia"
1989,10,1989.7863,350.147,"Cape Grim, Tasmania, Australia"
1989,11,1989.8712,350.072,"Cape Grim, Tasmania, Australia"
1989,12,1989.9534,349.966,"Cape Grim, Tasmania, Australia"
1990,1,1990.0384,349.849,"Cape Grim, Tasmania, Australia"
1990,2,1990.1233,349.894,"Cape Grim, Tasmania, Australia"
1990,3,1990.2,350.055,"Cape Grim, Tasmania, Australia"
1990,4,1990.2849,350.35,"Cape Grim, Tasmania, Australia"
1990,5,1990.3671,350.612,"Cape Grim, Tasmania, Australia"
1990,6,1990.4521,350.892,"Cape Grim, Tasmania, Australia"
1990,7,1990.5342,351.374,"Cape Grim, Tasmania, Australia"
1990,8,1990.6192,351.736,"Cape Grim, Tasmania, Australia"
1990,9,1990.7041,351.773,"Cape Grim, Tasmania, Australia"
1990,10,1990.7863,351.784,"Cape Grim, Tasmania, Australia"
1990,11,1990.8712,351.808,"Cape Grim, Tasmania, Australia"
1990,12,1990.9534,351.614,"Cape Grim, Tasmania, Australia"
1991,1,1991.0384,351.454,"Cape Grim, Tasmania, Australia"
1991,2,1991.1233,351.551,"Cape Grim, Tasmania, Australia"
1991,3,1991.2,351.705,"Cape Grim, Tasmania, Australia"
1991,4,1991.2849,351.879,"Cape Grim, Tasmania, Australia"
1991,5,1991.3671,352.283,"Cape Grim, Tasmania, Australia"
1991,6,1991.4521,352.654,"Cape Grim, Tasmania, Australia"
1991,7,1991.5342,352.86,"Cape Grim, Tasmania, Australia"
1991,8,1991.6192,353.191,"Cape Grim, Tasmania, Australia"
1991,9,1991.7041,353.328,"Cape Grim, Tasmania, Australia"
1991,10,1991.786301,354,"Cape Grim, Tasmania, Australia"
1991,11,1991.871233,353.755,"Cape Grim, Tasmania, Australia"
1991,12,1991.953425,353.631,"Cape Grim, Tasmania, Australia"
1992,1,1992.038251,353.424,"Cape Grim, Tasmania, Australia"
1992,2,1992.122951,353.307,"Cape Grim, Tasmania, Australia"
1992,3,1992.202186,353.234,"Cape Grim, Tasmania, Australia"
1992,4,1992.286885,353.416,"Cape Grim, Tasmania, Australia"
1992,5,1992.368852,353.791,"Cape Grim, Tasmania, Australia"
1992,6,1992.453552,354.228,"Cape Grim, Tasmania, Australia"
1992,7,1992.535519,354.694,"Cape Grim, Tasmania, Australia"
1992,8,1992.620219,354.809,"Cape Grim, Tasmania, Australia"
1992,9,1992.704918,354.923,"Cape Grim, Tasmania, Australia"
1992,10,1992.786885,354.987,"Cape Grim, Tasmania, Australia"
1992,11,1992.871585,354.762,"Cape Grim, Tasmania, Australia"
1992,12,1992.953552,354.499,"Cape Grim, Tasmania, Australia"
1993,1,1993.038356,354.177,"Cape Grim, Tasmania, Australia"
1993,2,1993.123288,354.102,"Cape Grim, Tasmania, Australia"
1993,3,1993.2,354.315,"Cape Grim, Tasmania, Australia"
1993,4,1993.284932,354.252,"Cape Grim, Tasmania, Australia"
1993,5,1993.367123,354.221,"Cape Grim, Tasmania, Australia"
1993,6,1993.452055,354.65,"Cape Grim, Tasmania, Australia"
1993,7,1993.534247,355.127,"Cape Grim, Tasmania, Australia"
1993,8,1993.619178,355.546,"Cape Grim, Tasmania, Australia"
1993,9,1993.70411,355.765,"Cape Grim, Tasmania, Australia"
1993,10,1993.786301,355.812,"Cape Grim, Tasmania, Australia"
1993,11,1993.871233,355.708,"Cape Grim, Tasmania, Australia"
1993,12,1993.953425,355.379,"Cape Grim, Tasmania, Australia"
1994,1,1994.038356,355.035,"Cape Grim, Tasmania, Australia"
1994,2,1994.123288,355.024,"Cape Grim, Tasmania, Australia"
1994,3,1994.2,355.33,"Cape Grim, Tasmania, Australia"
1994,4,1994.284932,355.621,"Cape Grim, Tasmania, Australia"
1994,5,1994.367123,355.844,"Cape Grim, Tasmania, Australia"
1994,6,1994.452055,356.102,"Cape Grim, Tasmania, Australia"
1994,7,1994.534247,356.59,"Cape Grim, Tasmania, Australia"
1994,8,1994.619178,357.155,"Cape Grim, Tasmania, Australia"
1994,9,1994.70411,357.469,"Cape Grim, Tasmania, Australia"
1994,10,1994.786301,357.489,"Cape Grim, Tasmania, Australia"
1994,11,1994.871233,357.376,"Cape Grim, Tasmania, Australia"
1994,12,1994.953425,357.344,"Cape Grim, Tasmania, Australia"
1995,1,1995.038356,357.445,"Cape Grim, Tasmania, Australia"
1995,2,1995.123288,357.562,"Cape Grim, Tasmania, Australia"
1995,3,1995.2,357.577,"Cape Grim, Tasmania, Australia"
1995,4,1995.284932,357.553,"Cape Grim, Tasmania, Australia"
1995,5,1995.367123,357.826,"Cape Grim, Tasmania, Australia"
1995,6,1995.452055,358.225,"Cape Grim, Tasmania, Australia"
1995,7,1995.534247,358.516,"Cape Grim, Tasmania, Australia"
1995,8,1995.619178,358.849,"Cape Grim, Tasmania, Australia"
1995,9,1995.70411,359.127,"Cape Grim, Tasmania, Australia"
1995,10,1995.786301,359.24,"Cape Grim, Tasmania, Australia"
1995,11,1995.871233,359.31,"Cape Grim, Tasmania, Australia"
1995,12,1995.953425,359.564,"Cape Grim, Tasmania, Australia"
1996,1,1996.038251,359.463,"Cape Grim, Tasmania, Australia"
1996,2,1996.122951,359.119,"Cape Grim, Tasmania, Australia"
1996,3,1996.202186,359.106,"Cape Grim, Tasmania, Australia"
1996,4,1996.286885,359.156,"Cape Grim, Tasmania, Australia"
1996,5,1996.368852,359.344,"Cape Grim, Tasmania, Australia"
1996,6,1996.453552,359.825,"Cape Grim, Tasmania, Australia"
1996,7,1996.535519,360.25,"Cape Grim, Tasmania, Australia"
1996,8,1996.620219,360.588,"Cape Grim, Tasmania, Australia"
1996,9,1996.704918,360.72,"Cape Grim, Tasmania, Australia"
1996,10,1996.786885,360.594,"Cape Grim, Tasmania, Australia"
1996,11,1996.871585,360.445,"Cape Grim, Tasmania, Australia"
1996,12,1996.953552,360.312,"Cape Grim, Tasmania, Australia"
1997,1,1997.038356,360.332,"Cape Grim, Tasmania, Australia"
1997,2,1997.123288,360.451,"Cape Grim, Tasmania, Australia"
1997,3,1997.2,360.49,"Cape Grim, Tasmania, Australia"
1997,4,1997.284932,360.556,"Cape Grim, Tasmania, Australia"
1997,5,1997.367123,360.72,"Cape Grim, Tasmania, Australia"
1997,6,1997.452055,360.923,"Cape Grim, Tasmania, Australia"
1997,7,1997.534247,361.323,"Cape Grim, Tasmania, Australia"
1997,8,1997.619178,361.785,"Cape Grim, Tasmania, Australia"
1997,9,1997.70411,362.041,"Cape Grim, Tasmania, Australia"
1997,10,1997.786301,362.178,"Cape Grim, Tasmania, Australia"
1997,11,1997.871233,362.15,"Cape Grim, Tasmania, Australia"
1997,12,1997.953425,362.084,"Cape Grim, Tasmania, Australia"
1998,1,1998.038356,362.06,"Cape Grim, Tasmania, Australia"
1998,2,1998.123288,362.201,"Cape Grim, Tasmania, Australia"
1998,3,1998.2,362.495,"Cape Grim, Tasmania, Australia"
1998,4,1998.284932,362.778,"Cape Grim, Tasmania, Australia"
1998,5,1998.367123,363.143,"Cape Grim, Tasmania, Australia"
1998,6,1998.452055,363.564,"Cape Grim, Tasmania, Australia"
1998,7,1998.534247,364.086,"Cape Grim, Tasmania, Australia"
1998,8,1998.619178,364.708,"Cape Grim, Tasmania, Australia"
1998,9,1998.70411,365.076,"Cape Grim, Tasmania, Australia"
1998,10,1998.786301,365.1,"Cape Grim, Tasmania, Australia"
1998,11,1998.871233,364.97,"Cape Grim, Tasmania, Australia"
1998,12,1998.953425,364.885,"Cape Grim, Tasmania, Australia"
1999,1,1999.038356,365.032,"Cape Grim, Tasmania, Australia"
1999,2,1999.123288,365.085,"Cape Grim, Tasmania, Australia"
1999,3,1999.2,364.894,"Cape Grim, Tasmania, Australia"
1999,4,1999.284932,364.958,"Cape Grim, Tasmania, Australia"
1999,5,1999.367123,365.197,"Cape Grim, Tasmania, Australia"
1999,6,1999.452055,365.346,"Cape Grim, Tasmania, Australia"
1999,7,1999.534247,365.64,"Cape Grim, Tasmania, Australia"
1999,8,1999.619178,366.078,"Cape Grim, Tasmania, Australia"
1999,9,1999.70411,366.436,"Cape Grim, Tasmania, Australia"
1999,10,1999.786301,366.595,"Cape Grim, Tasmania, Australia"
1999,11,1999.871233,366.534,"Cape Grim, Tasmania, Australia"
1999,12,1999.953425,366.538,"Cape Grim, Tasmania, Australia"
2000,1,2000.038251,366.592,"Cape Grim, Tasmania, Australia"
2000,2,2000.122951,366.399,"Cape Grim, Tasmania, Australia"
2000,3,2000.202186,366.166,"Cape Grim, Tasmania, Australia"
2000,4,2000.286885,366.107,"Cape Grim, Tasmania, Australia"
2000,5,2000.368852,366.328,"Cape Grim, Tasmania, Australia"
2000,6,2000.453552,366.774,"Cape Grim, Tasmania, Australia"
2000,7,2000.535519,367.184,"Cape Grim, Tasmania, Australia"
2000,8,2000.620219,367.431,"Cape Grim, Tasmania, Australia"
2000,9,2000.704918,367.647,"Cape Grim, Tasmania, Australia"
2000,10,2000.786885,367.777,"Cape Grim, Tasmania, Australia"
2000,11,2000.871585,367.707,"Cape Grim, Tasmania, Australia"
2000,12,2000.953552,367.61,"Cape Grim, Tasmania, Australia"
2001,1,2001.038356,367.562,"Cape Grim, Tasmania, Australia"
2001,2,2001.123288,367.506,"Cape Grim, Tasmania, Australia"
2001,3,2001.2,367.493,"Cape Grim, Tasmania, Australia"
2001,4,2001.284932,367.664,"Cape Grim, Tasmania, Australia"
2001,5,2001.367123,367.899,"Cape Grim, Tasmania, Australia"
2001,6,2001.452055,368.145,"Cape Grim, Tasmania, Australia"
2001,7,2001.534247,368.563,"Cape Grim, Tasmania, Australia"
2001,8,2001.619178,369.113,"Cape Grim, Tasmania, Australia"
2001,9,2001.70411,369.614,"Cape Grim, Tasmania, Australia"
2001,10,2001.786301,369.71,"Cape Grim, Tasmania, Australia"
2001,11,2001.871233,369.446,"Cape Grim, Tasmania, Australia"
2001,12,2001.953425,369.285,"Cape Grim, Tasmania, Australia"
2002,1,2002.038356,369.368,"Cape Grim, Tasmania, Australia"
2002,2,2002.123288,369.431,"Cape Grim, Tasmania, Australia"
2002,3,2002.2,369.483,"Cape Grim, Tasmania, Australia"
2002,4,2002.284932,369.651,"Cape Grim, Tasmania, Australia"
2002,5,2002.367123,369.901,"Cape Grim, Tasmania, Australia"
2002,6,2002.452055,370.361,"Cape Grim, Tasmania, Australia"
2002,7,2002.534247,370.939,"Cape Grim, Tasmania, Australia"
2002,8,2002.619178,371.429,"Cape Grim, Tasmania, Australia"
2002,9,2002.70411,371.764,"Cape Grim, Tasmania, Australia"
2002,10,2002.786301,371.903,"Cape Grim, Tasmania, Australia"
2002,11,2002.871233,371.789,"Cape Grim, Tasmania, Australia"
2002,12,2002.953425,371.595,"Cape Grim, Tasmania, Australia"
2003,1,2003.038356,371.57,"Cape Grim, Tasmania, Australia"
2003,2,2003.123288,371.651,"Cape Grim, Tasmania, Australia"
2003,3,2003.2,371.846,"Cape Grim, Tasmania, Australia"
2003,4,2003.284932,372.133,"Cape Grim, Tasmania, Australia"
2003,5,2003.367123,372.421,"Cape Grim, Tasmania, Australia"
2003,6,2003.452055,372.761,"Cape Grim, Tasmania, Australia"
2003,7,2003.534247,373.227,"Cape Grim, Tasmania, Australia"
2003,8,2003.619178,373.763,"Cape Grim, Tasmania, Australia"
2003,9,2003.70411,374.054,"Cape Grim, Tasmania, Australia"
2003,10,2003.786301,373.983,"Cape Grim, Tasmania, Australia"
2003,11,2003.871233,373.767,"Cape Grim, Tasmania, Australia"
2003,12,2003.953425,373.58,"Cape Grim, Tasmania, Australia"
2004,1,2004.038251,373.556,"Cape Grim, Tasmania, Australia"
2004,2,2004.122951,373.69,"Cape Grim, Tasmania, Australia"
2004,3,2004.202186,373.771,"Cape Grim, Tasmania, Australia"
2004,4,2004.286885,373.907,"Cape Grim, Tasmania, Australia"
2004,5,2004.368852,374.292,"Cape Grim, Tasmania, Australia"
2004,6,2004.453552,374.769,"Cape Grim, Tasmania, Australia"
2004,7,2004.535519,375.174,"Cape Grim, Tasmania, Australia"
2004,8,2004.620219,375.516,"Cape Grim, Tasmania, Australia"
2004,9,2004.704918,375.667,"Cape Grim, Tasmania, Australia"
2004,10,2004.786885,375.694,"Cape Grim, Tasmania, Australia"
2004,11,2004.871585,375.688,"Cape Grim, Tasmania, Australia"
2004,12,2004.953552,375.503,"Cape Grim, Tasmania, Australia"
2005,1,2005.038356,375.354,"Cape Grim, Tasmania, Australia"
2005,2,2005.123288,375.399,"Cape Grim, Tasmania, Australia"
2005,3,2005.2,375.423,"Cape Grim, Tasmania, Australia"
2005,4,2005.284932,375.562,"Cape Grim, Tasmania, Australia"
2005,5,2005.367123,376.162,"Cape Grim, Tasmania, Australia"
2005,6,2005.452055,376.915,"Cape Grim, Tasmania, Australia"
2005,7,2005.534247,377.289,"Cape Grim, Tasmania, Australia"
2005,8,2005.619178,377.574,"Cape Grim, Tasmania, Australia"
2005,9,2005.70411,377.845,"Cape Grim, Tasmania, Australia"
2005,10,2005.786301,377.924,"Cape Grim, Tasmania, Australia"
2005,11,2005.871233,377.868,"Cape Grim, Tasmania, Australia"
2005,12,2005.953425,377.751,"Cape Grim, Tasmania, Australia"
2006,1,2006.038356,377.845,"Cape Grim, Tasmania, Australia"
2006,2,2006.123288,377.976,"Cape Grim, Tasmania, Australia"
2006,3,2006.2,377.986,"Cape Grim, Tasmania, Australia"
2006,4,2006.284932,378.052,"Cape Grim, Tasmania, Australia"
2006,5,2006.367123,378.174,"Cape Grim, Tasmania, Australia"
2006,6,2006.452055,378.403,"Cape Grim, Tasmania, Australia"
2006,7,2006.534247,378.801,"Cape Grim, Tasmania, Australia"
2006,8,2006.619178,379.251,"Cape Grim, Tasmania, Australia"
2006,9,2006.70411,379.468,"Cape Grim, Tasmania, Australia"
2006,10,2006.786301,379.403,"Cape Grim, Tasmania, Australia"
2006,11,2006.871233,379.36,"Cape Grim, Tasmania, Australia"
2006,12,2006.953425,379.429,"Cape Grim, Tasmania, Australia"
2007,1,2007.038356,379.362,"Cape Grim, Tasmania, Australia"
2007,2,2007.123288,379.33,"Cape Grim, Tasmania, Australia"
2007,3,2007.2,379.432,"Cape Grim, Tasmania, Australia"
2007,4,2007.284932,379.636,"Cape Grim, Tasmania, Australia"
2007,5,2007.367123,380.008,"Cape Grim, Tasmania, Australia"
2007,6,2007.452055,380.389,"Cape Grim, Tasmania, Australia"
2007,7,2007.534247,380.9,"Cape Grim, Tasmania, Australia"
2007,8,2007.619178,381.318,"Cape Grim, Tasmania, Australia"
2007,9,2007.70411,381.521,"Cape Grim, Tasmania, Australia"
2007,10,2007.786301,381.653,"Cape Grim, Tasmania, Australia"
2007,11,2007.871233,381.629,"Cape Grim, Tasmania, Australia"
2007,12,2007.953425,381.579,"Cape Grim, Tasmania, Australia"
2008,1,2008.038251,381.649,"Cape Grim, Tasmania, Australia"
2008,2,2008.122951,381.726,"Cape Grim, Tasmania, Australia"
2008,3,2008.202186,381.726,"Cape Grim, Tasmania, Australia"
2008,4,2008.286885,381.826,"Cape Grim, Tasmania, Australia"
2008,5,2008.368852,382.094,"Cape Grim, Tasmania, Australia"
2008,6,2008.453552,382.589,"Cape Grim, Tasmania, Australia"
2008,7,2008.535519,382.939,"Cape Grim, Tasmania, Australia"
2008,8,2008.620219,383.301,"Cape Grim, Tasmania, Australia"
2008,9,2008.704918,383.699,"Cape Grim, Tasmania, Australia"
2008,10,2008.786885,383.663,"Cape Grim, Tasmania, Australia"
2008,11,2008.871585,383.511,"Cape Grim, Tasmania, Australia"
2008,12,2008.953552,383.585,"Cape Grim, Tasmania, Australia"
2009,1,2009.038356,383.832,"Cape Grim, Tasmania, Australia"
2009,2,2009.123288,383.794,"Cape Grim, Tasmania, Australia"
2009,3,2009.2,383.46,"Cape Grim, Tasmania, Australia"
2009,4,2009.284932,383.368,"Cape Grim, Tasmania, Australia"
2009,5,2009.367123,383.594,"Cape Grim, Tasmania, Australia"
2009,6,2009.452055,383.879,"Cape Grim, Tasmania, Australia"
2009,7,2009.534247,384.284,"Cape Grim, Tasmania, Australia"
2009,8,2009.619178,384.749,"Cape Grim, Tasmania, Australia"
2009,9,2009.70411,384.967,"Cape Grim, Tasmania, Australia"
2009,10,2009.786301,385.093,"Cape Grim, Tasmania, Australia"
2009,11,2009.871233,385.069,"Cape Grim, Tasmania, Australia"
2009,12,2009.953425,384.982,"Cape Grim, Tasmania, Australia"
2010,1,2010.038356,384.953,"Cape Grim, Tasmania, Australia"
2010,2,2010.123288,384.696,"Cape Grim, Tasmania, Australia"
2010,3,2010.2,384.594,"Cape Grim, Tasmania, Australia"
2010,4,2010.284932,384.896,"Cape Grim, Tasmania, Australia"
2010,5,2010.367123,385.278,"Cape Grim, Tasmania, Australia"
2010,6,2010.452055,385.775,"Cape Grim, Tasmania, Australia"
2010,7,2010.534247,386.443,"Cape Grim, Tasmania, Australia"
2010,8,2010.619178,387.086,"Cape Grim, Tasmania, Australia"
2010,9,2010.70411,387.428,"Cape Grim, Tasmania, Australia"
2010,10,2010.786301,387.428,"Cape Grim, Tasmania, Australia"
2010,11,2010.871233,387.278,"Cape Grim, Tasmania, Australia"
2010,12,2010.953425,387.031,"Cape Grim, Tasmania, Australia"
2011,1,2011.038356,386.891,"Cape Grim, Tasmania, Australia"
2011,2,2011.123288,386.962,"Cape Grim, Tasmania, Australia"
2011,3,2011.2,387.01,"Cape Grim, Tasmania, Australia"
2011,4,2011.284932,387.026,"Cape Grim, Tasmania, Australia"
2011,5,2011.367123,387.273,"Cape Grim, Tasmania, Australia"
2011,6,2011.452055,387.696,"Cape Grim, Tasmania, Australia"
2011,7,2011.534247,388.069,"Cape Grim, Tasmania, Australia"
2011,8,2011.619178,388.505,"Cape Grim, Tasmania, Australia"
2011,9,2011.70411,388.989,"Cape Grim, Tasmania, Australia"
2011,10,2011.786301,389.124,"Cape Grim, Tasmania, Australia"
2011,11,2011.871233,388.933,"Cape Grim, Tasmania, Australia"
2011,12,2011.953425,388.799,"Cape Grim, Tasmania, Australia"
2012,1,2012.038251,388.682,"Cape Grim, Tasmania, Australia"
2012,2,2012.122951,388.652,"Cape Grim, Tasmania, Australia"
2012,3,2012.202186,388.681,"Cape Grim, Tasmania, Australia"
2012,4,2012.286885,388.858,"Cape Grim, Tasmania, Australia"
2012,5,2012.368852,389.145,"Cape Grim, Tasmania, Australia"
2012,6,2012.453552,389.564,"Cape Grim, Tasmania, Australia"
2012,7,2012.535519,390.232,"Cape Grim, Tasmania, Australia"
2012,8,2012.620219,390.904,"Cape Grim, Tasmania, Australia"
2012,9,2012.704918,391.326,"Cape Grim, Tasmania, Australia"
2012,10,2012.786885,391.366,"Cape Grim, Tasmania, Australia"
2012,11,2012.871585,391.168,"Cape Grim, Tasmania, Australia"
2012,12,2012.953552,391.083,"Cape Grim, Tasmania, Australia"
2013,1,2013.03836,391.181,"Cape Grim, Tasmania, Australia"
2013,2,2013.12329,391.372,"Cape Grim, Tasmania, Australia"
2013,3,2013.2,391.668,"Cape Grim, Tasmania, Australia"
2013,4,2013.28493,392.019,"Cape Grim, Tasmania, Australia"
2013,5,2013.3671200000001,392.343,"Cape Grim, Tasmania, Australia"
2013,6,2013.45205,392.676,"Cape Grim, Tasmania, Australia"
2013,7,2013.53425,393.25,"Cape Grim, Tasmania, Australia"
2013,8,2013.61918,393.737,"Cape Grim, Tasmania, Australia"
2013,9,2013.70411,393.937,"Cape Grim, Tasmania, Australia"
2013,10,2013.7863,394.006,"Cape Grim, Tasmania, Australia"
2013,11,2013.87123,393.958,"Cape Grim, Tasmania, Australia"
2013,12,2013.95342,393.774,"Cape Grim, Tasmania, Australia"
2014,1,2014.03836,393.629,"Cape Grim, Tasmania, Australia"
2014,2,2014.12329,393.677,"Cape Grim, Tasmania, Australia"
2014,3,2014.2,393.834,"Cape Grim, Tasmania, Australia"
2014,4,2014.28493,394.024,"Cape Grim, Tasmania, Australia"
2014,5,2014.3671200000001,394.223,"Cape Grim, Tasmania, Australia"
2014,6,2014.45205,394.613,"Cape Grim, Tasmania, Australia"
2014,7,2014.53425,395.148,"Cape Grim, Tasmania, Australia"
2014,8,2014.61918,395.615,"Cape Grim, Tasmania, Australia"
2014,9,2014.70411,395.851,"Cape Grim, Tasmania, Australia"
2014,10,2014.7863,395.857,"Cape Grim, Tasmania, Australia"
2014,11,2014.87123,395.812,"Cape Grim, Tasmania, Australia"
2014,12,2014.95342,395.742,"Cape Grim, Tasmania, Australia"
2015,1,2015.03836,395.782,"Cape Grim, Tasmania, Australia"
2015,2,2015.12329,395.916,"Cape Grim, Tasmania, Australia"
2015,3,2015.2,396.037,"Cape Grim, Tasmania, Australia"
2015,4,2015.28493,396.36,"Cape Grim, Tasmania, Australia"
2015,5,2015.3671200000001,396.785,"Cape Grim, Tasmania, Australia"
2015,6,2015.45205,397.092,"Cape Grim, Tasmania, Australia"
2015,7,2015.53425,397.587,"Cape Grim, Tasmania, Australia"
2015,8,2015.61918,398.18,"Cape Grim, Tasmania, Australia"
2015,9,2015.70411,398.367,"Cape Grim, Tasmania, Australia"
2015,10,2015.7863,398.409,"Cape Grim, Tasmania, Australia"
2015,11,2015.87123,398.538,"Cape Grim, Tasmania, Australia"
2015,12,2015.95342,398.578,"Cape Grim, Tasmania, Australia"
2016,1,2016.03825,398.704,"Cape Grim, Tasmania, Australia"
2016,2,2016.12295,398.985,"Cape Grim, Tasmania, Australia"
2016,3,2016.20219,399.227,"Cape Grim, Tasmania, Australia"
2016,4,2016.28689,399.588,"Cape Grim, Tasmania, Australia"
2016,5,2016.36885,400.096,"Cape Grim, Tasmania, Australia"
2016,6,2016.45355,400.63,"Cape Grim, Tasmania, Australia"
2016,7,2016.53552,401.156,"Cape Grim, Tasmania, Australia"
2016,8,2016.62022,401.459,"Cape Grim, Tasmania, Australia"
2016,9,2016.70492,401.605,"Cape Grim, Tasmania, Australia"
2016,10,2016.78689,401.647,"Cape Grim, Tasmania, Australia"
2016,11,2016.87158,401.378,"Cape Grim, Tasmania, Australia"
2016,12,2016.95355,401.179,"Cape Grim, Tasmania, Australia"
2017,1,2017.03836,401.169,"Cape Grim, Tasmania, Australia"
2017,2,2017.12329,401.152,"Cape Grim, Tasmania, Australia"
2017,3,2017.2,401.249,"Cape Grim, Tasmania, Australia"
2017,4,2017.28493,401.517,"Cape Grim, Tasmania, Australia"
2017,5,2017.3671200000001,401.748,"Cape Grim, Tasmania, Australia"
2017,6,2017.45205,402.042,"Cape Grim, Tasmania, Australia"
2017,7,2017.53425,402.69,"Cape Grim, Tasmania, Australia"
2017,8,2017.61918,403.264,"Cape Grim, Tasmania, Australia"
2017,9,2017.70411,403.483,"Cape Grim, Tasmania, Australia"
2017,10,2017.7863,403.621,"Cape Grim, Tasmania, Australia"
2017,11,2017.87123,403.729,"Cape Grim, Tasmania, Australia"
2017,12,2017.95342,403.745,"Cape Grim, Tasmania, Australia"
2018,1,2018.03836,403.8,"Cape Grim, Tasmania, Australia"
2018,2,2018.12329,403.856,"Cape Grim, Tasmania, Australia"
2018,3,2018.2,403.94,"Cape Grim, Tasmania, Australia"
2018,4,2018.28493,404.203,"Cape Grim, Tasmania, Australia"
2018,5,2018.3671200000001,404.436,"Cape Grim, Tasmania, Australia"
2018,6,2018.45205,404.7,"Cape Grim, Tasmania, Australia"
2018,7,2018.53425,405.205,"Cape Grim, Tasmania, Australia"
2018,8,2018.61918,405.674,"Cape Grim, Tasmania, Australia"
2018,9,2018.70411,405.884,"Cape Grim, Tasmania, Australia"
2018,10,2018.7863,405.937,"Cape Grim, Tasmania, Australia"
2018,11,2018.87123,405.86,"Cape Grim, Tasmania, Australia"
2018,12,2018.95342,405.792,"Cape Grim, Tasmania, Australia"
2019,1,2019.03836,405.779,"Cape Grim, Tasmania, Australia"
2019,2,2019.12329,405.702,"Cape Grim, Tasmania, Australia"
2019,3,2019.2,405.84,"Cape Grim, Tasmania, Australia"
2019,4,2019.28493,406.242,"Cape Grim, Tasmania, Australia"
